ID;Active (0/1);Name *;Categories (x,y,z...);Price tax included;Tax rules ID;Wholesale price;On sale (0/1);Discount amount;Discount percent;Discount from (yyyy-mm-dd);Discount to (yyyy-mm-dd);Reference #;Supplier reference #;Supplier;Manufacturer;EAN13;UPC;Ecotax;Width;Height;Depth;Weight;Quantity;Minimal quantity;Visibility;Additional shipping cost;Unity;Unit price;Short description;Description;Tags (x,y,z...);Meta title;Meta keywords;Meta description;URL rewritten;Text when in stock;Text when backorder allowed;Available for order (0 = No, 1 = Yes);Product available date;Product creation date;Show price (0 = No, 1 = Yes);Image URLs (x,y,z...);Image alt texts (x,y,z...);Delete existing images (0 = No, 1 = Yes);Feature(Name:Value:Position);Available online only (0 = No, 1 = Yes);Condition;Customizable (0 = No, 1 = Yes);Uploadable files (0 = No, 1 = Yes);Text fields (0 = No, 1 = Yes);Out of stock;ID / Name of shop;Advanced stock management;Depends On Stock;Warehouse
1;1;ACCESSOIRE POUR IPHONE 3/4/4S (CHARGEUR+ECOUTEUR+CABLE…);; 17 980    ;;;;;;;;RP-demo_1;RF-demo_1;Applestore;Apple;1234567890123;;1;0.6;0.2;0.4;0.068357;160;1;;;;;<p>New design.</p>;<p>New design.</p>;apple, ipod, nano;Meta title-Nano;Meta keywords-Nano;Meta description-Nano;iPod-Nano;In Stock;Current supply. Ordering availlable;1;2013-03-01;2013-01-01;1;;;0;;0;new;0;0;0;0;0;0;0;0
2;1;ACCESSOIRE POUR IPHONE 5/5S/6/6S (CHARGEUR+ECOUTEUR+CABLE…);; 17 980    ;;;;;;;;RP-demo_2;RF-demo_2;Applestore;Apple;1234567890123;;1;0.1;0.1;0.1;0.027563;120;1;both;;;;<p>New design.</p>;<p>New design.</p>;ipod, shuffle;Meta title-Shuffle;Meta keywords-Shuffle;Meta description-Shuffle;iPod-shuffle;In Stock;Current supply. Ordering availlable;1;2013-03-01;2013-01-02;1;;;0;;0;new;0;0;0;0;0;0;0;0
3;1;ADAPTATEUR IPHONE4 A IPHONE5 (PEUT CONNECTER CABLE IPHONE4 SUR IPHONE5);; 3 400    ;;;;;;;;RP-demo_3;RF-demo_3;Applestore;Apple;1234567890123;;2;1.31;0.3;1;2.976846;400;1;catalog;;;;<p>New design.</p>;<p>New design.</p>;MacBook, Air;Meta title-McBookAir;Meta keywords-McBookAir;Meta description-McBookAir;MacBook-Air;In Stock;Current supply. Ordering availlable;1;2013-03-01;2013-01-03;1;;;1;;0;new;0;0;0;0;0;0;0;0
4;1;ADAPTATEUR CHARGEUR POUR CONSOLE DE JEU WII;; 134 610    ;;;;;;;;RP-demo_4;RF-demo_4;Applestore;Apple;1234567890123;;2;1.31;0.3;1;4.454244;75;1;search;;;;<p>New design.</p>;<p>New design.</p>;MacBook, Pro;Meta title-McBookPro;Meta keywords-McBookPro;Meta description-McBookPro;MacBook;In Stock;Current supply. Ordering availlable;1;2013-03-01;2013-01-04;1;;;1;;0;new;0;0;0;0;0;0;0;0
5;1;ADAPTATEUR R4 SILVER POUR DSI/DSXL/DS3D... ;; 25 910    ;;;;;;;;RP-demo_5;RF-demo_5;Applestore;Apple;1234567890123;;1;0.6;0.2;0.4;0.194046;120;1;none;;;;<p>New design.</p>;<p>New design.</p>;Ipod touch;Meta title-IpodTouch;Meta keywords-IpodTouch;Meta description-IpodTouch;iPod-touch;In Stock;Current supply. Ordering availlable;1;2013-03-01;2013-01-05;1;;;0;;1;used;0;0;0;0;0;0;0;0
6;1;AUTOCOLLANT DESIGN POUR METTRE SUR BOUTON CENTRALE DE L'IPHONE;; 1 000    ;;;;;;;;RP-demo_6;RF-demo_6;Nippon Electronic Import;Belkin;1234567890123;;0;0.6;0.2;0.4;0.038588;25;1;;20;;;<p>New design.</p>;<p>New design.</p>;Folio, leather;Meta title-BelkinLeatherFolio;Meta keywords-BelkinLeatherFolio;Meta description-BelkinLeatherFolio;Belkin-Leather-Folio-for-iPod-nano---Black-Chocolate;In Stock;Current supply. Ordering availlable;1;2013-03-01;2013-01-06;1;;;0;;1;refurbished;0;0;0;0;0;0;0;0
7;1;BATTERIE ORIGINALE PISEN POUR SAMSUNG GALAXY S2 I9100;; 30 920    ;;;;;;;;RP-demo_7;RF-demo_7;Shure Online Store;Shure;1234567890123;;0;0.1;0.1;0.1;0.040793;15;1;;;;;<p>New design.</p>;<p>New design.</p>;Headphones;Meta title-ShureEarphones;Meta keywords-ShureEarphones;Meta description-ShureEarphones;Shure-SE210-Sound-Isolating-Earphones-for-iPod-and-iPhone;In Stock;Current supply. Ordering availlable;1;2013-03-01;2013-01-07;1;;;0;;1;new;0;0;0;0;0;0;0;0
8;1;BATTERIE ORIGINALE PISEN POUR SAMSUNG GALAXY S3MINI I8190/8160;; 35 730    ;;;;;;;;;;;;;;;;;;;;;;;;;;;;;;;;;;;;;;;;;;;;;;;;;;;
9;1;BATTERIE ORIGINALE PISEN POUR SAMSUNG GALAXY S4 I9500;; 54 450    ;;;;;;;;;;;;;;;;;;;;;;;;;;;;;;;;;;;;;;;;;;;;;;;;;;;
10;1;BATTERIE ORIGINALE PISEN POUR SAMSUNG GALAXY S5 G9006V;; 53 000    ;;;;;;;;;;;;;;;;;;;;;;;;;;;;;;;;;;;;;;;;;;;;;;;;;;;
11;1;BATTERIE ORIGINALE PISEN POUR SAMSUNG GALAXY MEGA I9150 ;; 58 530    ;;;;;;;;;;;;;;;;;;;;;;;;;;;;;;;;;;;;;;;;;;;;;;;;;;;
12;1;BATTERIE ORIGINALE PISEN POUR SAMSUNG GALAXY NOTE 2 N7100;; 60 160    ;;;;;;;;;;;;;;;;;;;;;;;;;;;;;;;;;;;;;;;;;;;;;;;;;;;
13;1;BATTERIE ORIGINALE PISEN POUR SAMSUNG GALAXY NOTE 3 N9000;; 58 530    ;;;;;;;;;;;;;;;;;;;;;;;;;;;;;;;;;;;;;;;;;;;;;;;;;;;
14;1;BATTERIE ORIGINALE PISEN POUR SAMSUNG GALAXY NOTE 4 N9100;; 60 120    ;;;;;;;;;;;;;;;;;;;;;;;;;;;;;;;;;;;;;;;;;;;;;;;;;;;
15;1;BATTERIE RECHARGEABLE POUR CONSOLE NINTENDO GAMEBOY ;; 10 210    ;;;;;;;;;;;;;;;;;;;;;;;;;;;;;;;;;;;;;;;;;;;;;;;;;;;
16;1;CABLE 4TÊTES LDNIO MOD.LC85 (1*LIGHTING/2*MICRO USB/1*USB);Cables; 12 930    ;;;;;;;;;;;;;;;;;;;;;;;;;;;;;;;;;;;;;;;;;;;;;;;;;;;
17;1;CABLE DUAL LDNIO MOD.LC84 (MICRO USB + LIGHTNING) QUICK CHARGE&DATA ;Cables; 7 500    ;;;;;;;;;;;;;;;;;;;;;;;;;;;;;;;;;;;;;;;;;;;;;;;;;;;
18;1;CABLE MICRO USB A USB (MODELE SAMSUNG...);Cables; 4 120    ;;;;;;;;;;;;;;;;;;;;;;;;;;;;;;;;;;;;;;;;;;;;;;;;;;;
19;1;CABLE MICRO USB A USB LDNIO MOD.LS11 1METRE QUICK CHARGE&DATA;Cables; 6 400    ;;;;;;;;;;;;;;;;;;;;;;;;;;;;;;;;;;;;;;;;;;;;;;;;;;;
20;1;CABLE MICRO USB A USB LDNIO MOD.LS02 ROND 2METRES QUICK CHARGE&DATA;Cables; 10 780    ;;;;;;;;;;;;;;;;;;;;;;;;;;;;;;;;;;;;;;;;;;;;;;;;;;;
21;1;CABLE MICRO USB A USB LDNIO MOD.LS01 PLAT 2METRES QUICK CHARGE&DATA ;Cables; 12 460    ;;;;;;;;;;;;;;;;;;;;;;;;;;;;;;;;;;;;;;;;;;;;;;;;;;;
22;1;CABLE MICRO USB A USB FEMELLE INFOPRO;Cables; 4 150    ;;;;;;;;;;;;;;;;;;;;;;;;;;;;;;;;;;;;;;;;;;;;;;;;;;;
23;1;CABLE IPHONE 3/4/4S AVEC BOITE (MODEL ORIGINAL);; 5 040    ;;;;;;;;;;;;;;;;;;;;;;;;;;;;;;;;;;;;;;;;;;;;;;;;;;;
24;1;CABLE IPHONE LIGHTNING  AVEC BOITE (MODEL ORIGINAL);; 5 200    ;;;;;;;;;;;;;;;;;;;;;;;;;;;;;;;;;;;;;;;;;;;;;;;;;;;
25;1;CABLE IPHONE LIGHTNING PISEN FLAT DIFF. COULEUR ;; 15 490    ;;;;;;;;;;;;;;;;;;;;;;;;;;;;;;;;;;;;;;;;;;;;;;;;;;;
26;1;CABLE IPHONE LIGHTNING LDNIO MOD.LS11 1METRE QUICK CHARGE&DATA;; 7 400    ;;;;;;;;;;;;;;;;;;;;;;;;;;;;;;;;;;;;;;;;;;;;;;;;;;;
27;1;CABLE IPHONE LIGHTNING LDNIO MOD.LS02 ROND 2METRES QUICK CHARGE&DATA;; 11 950    ;;;;;;;;;;;;;;;;;;;;;;;;;;;;;;;;;;;;;;;;;;;;;;;;;;;
28;1;CABLE IPHONE LIGHTNING LDNIO MOD.LS01 PLAT 2METRES  QUICK CHARGE&DATA;; 13 630    ;;;;;;;;;;;;;;;;;;;;;;;;;;;;;;;;;;;;;;;;;;;;;;;;;;;
29;1;CABLE ORIGINAL APPLE LIGHTING POUR IPHONE7/IPAD.. ;; 57 910    ;;;;;;;;;;;;;;;;;;;;;;;;;;;;;;;;;;;;;;;;;;;;;;;;;;;
30;1;CABLE POUR MANETTE SANS FIL XBOX;; 18 950    ;;;;;;;;;;;;;;;;;;;;;;;;;;;;;;;;;;;;;;;;;;;;;;;;;;;
31;1;CABLE SAMSUNG TAB A USB FEMELLE INFOPRO;; 5 940    ;;;;;;;;;;;;;;;;;;;;;;;;;;;;;;;;;;;;;;;;;;;;;;;;;;;
32;1;CABLE USB POUR CONNECTER TABLETTE SAMSUNG;; 6 290    ;;;;;;;;;;;;;;;;;;;;;;;;;;;;;;;;;;;;;;;;;;;;;;;;;;;
33;1;CABLE USB RETRACTABLE AVEC 4 SORTIES (USB 3.0/IPHONE LIGHTNING/MICRO USB/IPHONE 4);; 10 210    ;;;;;;;;;;;;;;;;;;;;;;;;;;;;;;;;;;;;;;;;;;;;;;;;;;;
34;1;CABLE USB RETRACTABLE AVEC SORTIE IPHONE5 ET MICRO USB POUR TEL/TABLETTE ;; 8 230    ;;;;;;;;;;;;;;;;;;;;;;;;;;;;;;;;;;;;;;;;;;;;;;;;;;;
35;1;CABLE POUR CONNECTER CONSOLE XBOX A LA TV (AV);; 26 400    ;;;;;;;;;;;;;;;;;;;;;;;;;;;;;;;;;;;;;;;;;;;;;;;;;;;
36;1;CABLE POUR CONNECTER CONSOLE WII A LA TV;; 21 340    ;;;;;;;;;;;;;;;;;;;;;;;;;;;;;;;;;;;;;;;;;;;;;;;;;;;
37;1;CABLE POUR CONNECTER ET CHARGER MANETTE SANS FIL XBOX;; 15 720    ;;;;;;;;;;;;;;;;;;;;;;;;;;;;;;;;;;;;;;;;;;;;;;;;;;;
38;1;CABLE POUR CONNECTER ET CHARGER MANETTE SANS FIL XBOX (AVEC BATTERIE);; 23 450    ;;;;;;;;;;;;;;;;;;;;;;;;;;;;;;;;;;;;;;;;;;;;;;;;;;;
39;1;CHARGEUR POUR CONSOLE SONY PSP;; 10 980    ;;;;;;;;;;;;;;;;;;;;;;;;;;;;;;;;;;;;;;;;;;;;;;;;;;;
40;1;CHARGEUR POUR CONSOLE NINTENDO DSXL/DS3D/DS3DXL;; 10 060    ;;;;;;;;;;;;;;;;;;;;;;;;;;;;;;;;;;;;;;;;;;;;;;;;;;;
41;1;CHARGEUR ALLUME CIGARE LDNIO MOD.DL-C12 2.1A A/CABLE MICRO USB ;; 9 440    ;;;;;;;;;;;;;;;;;;;;;;;;;;;;;;;;;;;;;;;;;;;;;;;;;;;
42;1;CHARGEUR ALLUME CIGARE LDNIO MOD.DL-C22 2PORTS 2.1A A/CABLE MICRO USB;; 13 820    ;;;;;;;;;;;;;;;;;;;;;;;;;;;;;;;;;;;;;;;;;;;;;;;;;;;
43;1;CHARGEUR ALLUME CIGARE LDNIO MOD.DL-C29 2PORTS 3,4A A/CABLE MICRO USB ;; 16 220    ;;;;;;;;;;;;;;;;;;;;;;;;;;;;;;;;;;;;;;;;;;;;;;;;;;;
44;1;CHARGEUR POUR BATTERIE TELEPHONE PISEN HXL MOD.TS-UC029;; 21 440    ;;;;;;;;;;;;;;;;;;;;;;;;;;;;;;;;;;;;;;;;;;;;;;;;;;;
45;1;CHARGEUR SECTEUR USB 1A MOD. IPHONE COMPAT. TEL ET TABLETTE… ;; 8 640    ;;;;;;;;;;;;;;;;;;;;;;;;;;;;;;;;;;;;;;;;;;;;;;;;;;;
46;1;CHARGEUR SECTEUR USB 2A MOD.SAMSUNG COMPAT. TEL ET TABLETTE… ;; 8 800    ;;;;;;;;;;;;;;;;;;;;;;;;;;;;;;;;;;;;;;;;;;;;;;;;;;;
47;1;CHARGEUR SECTEUR USB 2A MOD.SAMSUNG CHARGE RAPIDE COMPAT. TEL ET TABLETTE… ;; 17 380    ;;;;;;;;;;;;;;;;;;;;;;;;;;;;;;;;;;;;;;;;;;;;;;;;;;;
48;1;CHARGEUR SECTEUR USB LDNIO MOD.DL-A2202 2PORTS 2,4A ;; 14 420    ;;;;;;;;;;;;;;;;;;;;;;;;;;;;;;;;;;;;;;;;;;;;;;;;;;;
49;1;CHARGEUR SECTEUR USB LDNIO MOD.DL-AC59 2PORTS 2.4A ;; 14 660    ;;;;;;;;;;;;;;;;;;;;;;;;;;;;;;;;;;;;;;;;;;;;;;;;;;;
50;1;CHARGEUR SECTEUR USB LDNIO MOD.DL-A3301 3PORTS 3,1A ;; 18 020    ;;;;;;;;;;;;;;;;;;;;;;;;;;;;;;;;;;;;;;;;;;;;;;;;;;;
51;1;CHARGEUR SECTEUR USB LDNIO MOD.DL-A4403 4PORTS 4,4A ;; 23 440    ;;;;;;;;;;;;;;;;;;;;;;;;;;;;;;;;;;;;;;;;;;;;;;;;;;;
52;1;CHARGEUR SECTEUR USB ET CABLE ORIGINAL SAMSUNG FAST CHARGE NEWCHARGEUR SECTEUR USB ET CABLE ORIGINAL SAMSUNG FAST CHARGE NEW;; 53 030    ;;;;;;;;;;;;;;;;;;;;;;;;;;;;;;;;;;;;;;;;;;;;;;;;;;;
53;1;CHARGEUR SECTEUR USB ORIGINAL APPLE POUR IPAD ;; 49 380    ;;;;;;;;;;;;;;;;;;;;;;;;;;;;;;;;;;;;;;;;;;;;;;;;;;;
54;1;CHARGEUR SECTEUR USB ORIGINAL APPLE POUR IPHONE ;; 45 720    ;;;;;;;;;;;;;;;;;;;;;;;;;;;;;;;;;;;;;;;;;;;;;;;;;;;
55;1;CHARGEUR SANS FIL MODELE SAMSUNG;; 23 230    ;;;;;;;;;;;;;;;;;;;;;;;;;;;;;;;;;;;;;;;;;;;;;;;;;;;
56;1;"CLAVIER POUR TABLETTE 9,7"" LEATHER INTEX MOD.IT-MID KB970";; 49 260    ;;;;;;;;;;;;;;;;;;;;;;;;;;;;;;;;;;;;;;;;;;;;;;;;;;;
57;1;COMBINE TELEPHONIQUE IPEGA POUR SAMSUNG/IPHONE/IPAD... ANTI RADIATION;; 31 500    ;;;;;;;;;;;;;;;;;;;;;;;;;;;;;;;;;;;;;;;;;;;;;;;;;;;
58;1;CONSOLE DE JEUX PVP2 CRASH9 AVEC 888888 JEUX ;; 81 480    ;;;;;;;;;;;;;;;;;;;;;;;;;;;;;;;;;;;;;;;;;;;;;;;;;;;
59;1;CONSOLE DE JEUX PSP GAME AVEC CAMERA/MP3 PLAYER/SLOT MICRO SD…;; 122 670    ;;;;;;;;;;;;;;;;;;;;;;;;;;;;;;;;;;;;;;;;;;;;;;;;;;;
60;1;CONSOLE DE JEUX NINTENDO DSICONSOLE DE JEUX NINTENDO DSI;; 183 750    ;;;;;;;;;;;;;;;;;;;;;;;;;;;;;;;;;;;;;;;;;;;;;;;;;;;
61;1;CONSOLE DE JEUX SONY PLAYSTATION PORTABLE/PSP MULTI SYSTEM;; 192 000    ;;;;;;;;;;;;;;;;;;;;;;;;;;;;;;;;;;;;;;;;;;;;;;;;;;;
62;1;CONSOLE DE JEUX NINTENDO DSI XL;; 245 330    ;;;;;;;;;;;;;;;;;;;;;;;;;;;;;;;;;;;;;;;;;;;;;;;;;;;
63;1;CONSOLE DE JEUX NINTENDO 3DS XL;; 604 500    ;;;;;;;;;;;;;;;;;;;;;;;;;;;;;;;;;;;;;;;;;;;;;;;;;;;
64;1;CONSOLE DE JEUX SONY PLAYSTATION 2 MULTI SYSTEM;; 335 990    ;;;;;;;;;;;;;;;;;;;;;;;;;;;;;;;;;;;;;;;;;;;;;;;;;;;
65;1;CONSOLE DE JEUX SONY PLAYSTATION 3 320GB MULTI SYSTEM;; 825 980    ;;;;;;;;;;;;;;;;;;;;;;;;;;;;;;;;;;;;;;;;;;;;;;;;;;;
66;1;CONSOLE DE JEUX SONY PLAYSTATION 4 500GB NEW;; 1 184 840    ;;;;;;;;;;;;;;;;;;;;;;;;;;;;;;;;;;;;;;;;;;;;;;;;;;;
67;1;COQUE BASEUS FAITH LEATHER CASE POUR IPAD AIR BLEU MOD.LTAPIPAD5-XY03;; 39 750    ;;;;;;;;;;;;;;;;;;;;;;;;;;;;;;;;;;;;;;;;;;;;;;;;;;;
68;1;COQUE BASEUS FAITH LEATHER CASE POUR IPAD AIR JAUNE MOD.LTAPIPAD5-XY0Y;; 39 750    ;;;;;;;;;;;;;;;;;;;;;;;;;;;;;;;;;;;;;;;;;;;;;;;;;;;
69;1;COQUE BASEUS FAITH LEATHER CASE POUR IPAD AIR KHAKI MOD.LTAPIPAD5-XY11;; 39 750    ;;;;;;;;;;;;;;;;;;;;;;;;;;;;;;;;;;;;;;;;;;;;;;;;;;;
70;1;COQUE BASEUS FAITH LEATHER CASE POUR IPAD AIR NOIR MOD.LTAPIPAD5-XY12;; 39 750    ;;;;;;;;;;;;;;;;;;;;;;;;;;;;;;;;;;;;;;;;;;;;;;;;;;;
71;1;COQUE BASEUS IREVO CASE POUR IPAD MINI/RETINA NOIR/GRIS MOD.LTAPMINI2-SN1G;; 30 700    ;;;;;;;;;;;;;;;;;;;;;;;;;;;;;;;;;;;;;;;;;;;;;;;;;;;
72;1;COQUE BASEUS MAGICAL CASE 2.0 POUR IPHONE5C BLANC MOD.LTAPIH5C-MC02;; 13 900    ;;;;;;;;;;;;;;;;;;;;;;;;;;;;;;;;;;;;;;;;;;;;;;;;;;;
73;1;COQUE BASEUS MAGICAL CASE 2.0 POUR IPHONE5C BLEU MOD.LTAPIH5C-MC03;; 13 900    ;;;;;;;;;;;;;;;;;;;;;;;;;;;;;;;;;;;;;;;;;;;;;;;;;;;
74;1;COQUE BASEUS MAGICAL CASE 2.0 POUR IPHONE5C JAUNE MOD.LTAPIH5C-MC0Y;; 13 900    ;;;;;;;;;;;;;;;;;;;;;;;;;;;;;;;;;;;;;;;;;;;;;;;;;;;
75;1;COQUE BASEUS MAGICAL CASE 2.0 POUR IPHONE5C NOIR MOD.LTAPIH5C-MC01;; 13 900    ;;;;;;;;;;;;;;;;;;;;;;;;;;;;;;;;;;;;;;;;;;;;;;;;;;;
76;1;COQUE BASEUS MAGICAL CASE 2.0 POUR IPHONE5C ORANGE MOD.LTAPIH5C-MC07;; 13 900    ;;;;;;;;;;;;;;;;;;;;;;;;;;;;;;;;;;;;;;;;;;;;;;;;;;;
77;1;COQUE BASEUS MAGICAL CASE 2.0 POUR IPHONE5C ROSE MOD.LTAPIH5C-MC04;; 13 900    ;;;;;;;;;;;;;;;;;;;;;;;;;;;;;;;;;;;;;;;;;;;;;;;;;;;
78;1;COQUE BASEUS RAINBOW CASE POUR IPHONE5C BLANC MOD.LTAPIHMINI-RW02;; 6 600    ;;;;;;;;;;;;;;;;;;;;;;;;;;;;;;;;;;;;;;;;;;;;;;;;;;;
79;1;COQUE BASEUS RAINBOW CASE POUR IPHONE5C BLEU MOD.LTAPIHMINI-RW03;; 6 600    ;;;;;;;;;;;;;;;;;;;;;;;;;;;;;;;;;;;;;;;;;;;;;;;;;;;
80;1;COQUE BASEUS RAINBOW CASE POUR IPHONE5C NOIR MOD.LTAPIHMINI-RW01;; 6 600    ;;;;;;;;;;;;;;;;;;;;;;;;;;;;;;;;;;;;;;;;;;;;;;;;;;;
81;1;COQUE BASEUS RAINBOW CASE POUR IPHONE5C ORANGE MOD.LTAPIHMINI-RW07;; 6 600    ;;;;;;;;;;;;;;;;;;;;;;;;;;;;;;;;;;;;;;;;;;;;;;;;;;;
82;1;COQUE BASEUS RAINBOW CASE POUR IPHONE5C ROUGE MOD.LTAPIHMINI-RW09;; 6 600    ;;;;;;;;;;;;;;;;;;;;;;;;;;;;;;;;;;;;;;;;;;;;;;;;;;;
83;1;COQUE BASEUS RAINBOW CASE POUR IPHONE5C VERT MOD.LTAPIHMINI-RW06;; 6 600    ;;;;;;;;;;;;;;;;;;;;;;;;;;;;;;;;;;;;;;;;;;;;;;;;;;;
84;1;COQUE BASEUS FOLIO SUPPORTING CASE POUR IPHONE5C NOIR MOD.LTAPIHMINI-SL01;; 8 650    ;;;;;;;;;;;;;;;;;;;;;;;;;;;;;;;;;;;;;;;;;;;;;;;;;;;
85;1;COQUE BASEUS FOLIO SUPPORTING CASE POUR IPHONE5C BLANC MOD.LTAPIHMINI-SL02;; 8 650    ;;;;;;;;;;;;;;;;;;;;;;;;;;;;;;;;;;;;;;;;;;;;;;;;;;;
86;1;COQUE BASEUS FOLIO SUPPORTING CASE POUR IPHONE5C ROSE MOD.LTAPIHMINI-SL0R;; 8 650    ;;;;;;;;;;;;;;;;;;;;;;;;;;;;;;;;;;;;;;;;;;;;;;;;;;;
87;1;COQUE BASEUS FAITH LEATHER CASE POUR IPHONE5C BLEU MOD.LTAPIHMIN-XY15;; 10 530    ;;;;;;;;;;;;;;;;;;;;;;;;;;;;;;;;;;;;;;;;;;;;;;;;;;;
88;1;COQUE BASEUS FAITH LEATHER CASE POUR IPHONE5C CYAN MOD.LTAPIHMINI-XYCY;; 10 530    ;;;;;;;;;;;;;;;;;;;;;;;;;;;;;;;;;;;;;;;;;;;;;;;;;;;
89;1;COQUE BASEUS FAITH LEATHER CASE POUR IPHONE5C GRIS MOD.LTAPIHMINI-XYOG;; 10 530    ;;;;;;;;;;;;;;;;;;;;;;;;;;;;;;;;;;;;;;;;;;;;;;;;;;;
90;1;COQUE BASEUS FAITH LEATHER CASE POUR IPHONE5C JAUNE MOD.LTAPIHMINI-XYOY;; 10 530    ;;;;;;;;;;;;;;;;;;;;;;;;;;;;;;;;;;;;;;;;;;;;;;;;;;;
91;1;COQUE BASEUS FAITH LEATHER CASE POUR IPHONE5C ROSE MOD.LTAPIHMINI-XYOR;; 10 530    ;;;;;;;;;;;;;;;;;;;;;;;;;;;;;;;;;;;;;;;;;;;;;;;;;;;
92;1;COQUE BASEUS AIR CASE POUR IPHONE5/5S BLANC MOD.ARAPIPH5-02;; 8 650    ;;;;;;;;;;;;;;;;;;;;;;;;;;;;;;;;;;;;;;;;;;;;;;;;;;;
93;1;COQUE BASEUS AIR CASE POUR IPHONE5/5S ROUGE MOD.ARAPIPH5-09;; 8 650    ;;;;;;;;;;;;;;;;;;;;;;;;;;;;;;;;;;;;;;;;;;;;;;;;;;;
94;1;COQUE BASEUS BOHEM CASE POUR IPHONE5/5S ROSE MOD.LTAPIPH5-BEOR;; 16 300    ;;;;;;;;;;;;;;;;;;;;;;;;;;;;;;;;;;;;;;;;;;;;;;;;;;;
95;1;COQUE BASEUS FAITH LEATHER CASE PR IPHONE5/5S BLANC MOD.LTAPIPH5S-XY01;; 16 300    ;;;;;;;;;;;;;;;;;;;;;;;;;;;;;;;;;;;;;;;;;;;;;;;;;;;
96;1;COQUE BASEUS FAITH LEATHER CASE PR IPHONE5/5S CYAN MOD.LTAPIPH5S-XYCY;; 16 300    ;;;;;;;;;;;;;;;;;;;;;;;;;;;;;;;;;;;;;;;;;;;;;;;;;;;
97;1;COQUE BASEUS FAITH LEATHER CASE PR IPHONE5/5S GRIS MOD.LTAPIPH5S-XYCY;; 16 300    ;;;;;;;;;;;;;;;;;;;;;;;;;;;;;;;;;;;;;;;;;;;;;;;;;;;
98;1;COQUE BASEUS FAITH LEATHER CASE PR IPHONE5/5S JAUNE MOD.LTAPIPH5S-XY0Y;; 16 300    ;;;;;;;;;;;;;;;;;;;;;;;;;;;;;;;;;;;;;;;;;;;;;;;;;;;
99;1;COQUE BASEUS FAITH LEATHER CASE PR IPHONE5/5S ROSE MOD.LTAPIPH5S-XY0R;; 16 300    ;;;;;;;;;;;;;;;;;;;;;;;;;;;;;;;;;;;;;;;;;;;;;;;;;;;
100;1;COQUE BASEUS UNIQUE LEATHER POUR IPHONE5/5S NOIR MOD.LTAPIPH5S-ULV1;; 22 000    ;;;;;;;;;;;;;;;;;;;;;;;;;;;;;;;;;;;;;;;;;;;;;;;;;;;
101;1;COQUE BASEUS UNIQUE LEATHER POUR IPHONE5/5S BLANC MOD.LTAPIPH5S-ULV2;; 22 000    ;;;;;;;;;;;;;;;;;;;;;;;;;;;;;;;;;;;;;;;;;;;;;;;;;;;
102;1;COQUE BASEUS UNIQUE LEATHER POUR IPHONE5/5S CHAMPAGNE MOD.LTAPIPH5S-ULVV;; 22 000    ;;;;;;;;;;;;;;;;;;;;;;;;;;;;;;;;;;;;;;;;;;;;;;;;;;;
103;1;COQUE BASEUS ULTRA THIN CASE POUR IPHONE5/5S ORANGE MOD.UIAPIPH5S-07;; 11 500    ;;;;;;;;;;;;;;;;;;;;;;;;;;;;;;;;;;;;;;;;;;;;;;;;;;;
104;1;COQUE BASEUS PURE VIEW CASE POUR IPHONE5/5S BLANC MOD.LTAPIPH5-PW02;; 22 000    ;;;;;;;;;;;;;;;;;;;;;;;;;;;;;;;;;;;;;;;;;;;;;;;;;;;
105;1;COQUE BASEUS PURE VIEW CASE POUR IPHONE5/5S NOIR MOD.LTAPIPH5-PW01;; 22 000    ;;;;;;;;;;;;;;;;;;;;;;;;;;;;;;;;;;;;;;;;;;;;;;;;;;;
106;1;COQUE BASEUS ULTRA THIN FOLDER POUR SAMSUNG S4 ROSE MOD.LTSAI9500-UFOR;; 8 100    ;;;;;;;;;;;;;;;;;;;;;;;;;;;;;;;;;;;;;;;;;;;;;;;;;;;
107;1;COQUE BASEUS ULTRA THIN FOLDER POUR SAMSUNG S4 VERT MOD.LTSAI9500-UF06;; 8 100    ;;;;;;;;;;;;;;;;;;;;;;;;;;;;;;;;;;;;;;;;;;;;;;;;;;;
108;1;COQUE BASEUS FAITH LEATHER CASE POUR SAMSUNG S4 JAUNE MOD.LTSAI9500-ELOY;; 8 100    ;;;;;;;;;;;;;;;;;;;;;;;;;;;;;;;;;;;;;;;;;;;;;;;;;;;
109;1;COQUE BASEUS FAITH LEATHER CASE POUR SAMSUNG S4 VERT MOD.LTSAI9500-XY06;; 8 100    ;;;;;;;;;;;;;;;;;;;;;;;;;;;;;;;;;;;;;;;;;;;;;;;;;;;
110;1;COQUE BASEUS RAINBOW CASE POUR SAMSUNG S4 VERT MOD.LTSAI9500-RW06;; 8 100    ;;;;;;;;;;;;;;;;;;;;;;;;;;;;;;;;;;;;;;;;;;;;;;;;;;;
111;1;COQUE BASEUS FOLIO WINDOW CASE POUR SAMSUNG S4 ORANGE MOD.LTSAI9500-SL07;; 8 100    ;;;;;;;;;;;;;;;;;;;;;;;;;;;;;;;;;;;;;;;;;;;;;;;;;;;
112;1;COQUE BASEUS GRACE LEATHER CASE POUR SAMSUNG S4 PURPLE MOD.LTSAI9500-NO05;; 8 100    ;;;;;;;;;;;;;;;;;;;;;;;;;;;;;;;;;;;;;;;;;;;;;;;;;;;
113;1;COQUE BASEUS GRACE LEATHER CASE POUR SAMSUNG S4 ORANGE MOD.LTSAI9500-NO07;; 8 100    ;;;;;;;;;;;;;;;;;;;;;;;;;;;;;;;;;;;;;;;;;;;;;;;;;;;
114;1;COQUE BASEUS GRACE LEATHER CASE POUR SAMSUNG S4 ROUGE MOD.LTSAI9500-NO09;; 8 100    ;;;;;;;;;;;;;;;;;;;;;;;;;;;;;;;;;;;;;;;;;;;;;;;;;;;
115;1;COQUE BASEUS LINE STYLE POUR SAMSUNG S5 BLANC MOD.LSSAS5-BC02;; 11 350    ;;;;;;;;;;;;;;;;;;;;;;;;;;;;;;;;;;;;;;;;;;;;;;;;;;;
116;1;COQUE BASEUS LINE STYLE POUR SAMSUNG S5 CHAMPAGNE OR MOD.LSSAS5-BCOV;; 11 350    ;;;;;;;;;;;;;;;;;;;;;;;;;;;;;;;;;;;;;;;;;;;;;;;;;;;
117;1;COQUE BASEUS LINE STYLE POUR SAMSUNG S5 CYAN MOD.LSSAS5-BCCY;; 11 350    ;;;;;;;;;;;;;;;;;;;;;;;;;;;;;;;;;;;;;;;;;;;;;;;;;;;
118;1;COQUE BASEUS LINE STYLE POUR SAMSUNG S5 ROUGE MOD.LSSAS5-BC09;; 11 350    ;;;;;;;;;;;;;;;;;;;;;;;;;;;;;;;;;;;;;;;;;;;;;;;;;;;
119;1;COQUE BASEUS LINE STYLE POUR SAMSUNG S5 VIOLET MOD.LSSAS5-BC05;; 11 350    ;;;;;;;;;;;;;;;;;;;;;;;;;;;;;;;;;;;;;;;;;;;;;;;;;;;
120;1;COQUE BASEUS BROCADE CASE POUR SAMSUNG S5 BLANC MOD.LTSAS5-BD02;; 15 350    ;;;;;;;;;;;;;;;;;;;;;;;;;;;;;;;;;;;;;;;;;;;;;;;;;;;
121;1;COQUE BASEUS STAR CASE POUR SAMSUNG S5 BLEU MOD.LTSAS5-SR03;; 15 700    ;;;;;;;;;;;;;;;;;;;;;;;;;;;;;;;;;;;;;;;;;;;;;;;;;;;
122;1;COQUE BASEUS STAR CASE POUR SAMSUNG S5 CHAMPAGNE MOD.LTSAS5-SR0V;; 15 700    ;;;;;;;;;;;;;;;;;;;;;;;;;;;;;;;;;;;;;;;;;;;;;;;;;;;
123;1;COQUE BASEUS STAR CASE POUR SAMSUNG S5 VERT MOD.LTSAS5-SR06;; 15 700    ;;;;;;;;;;;;;;;;;;;;;;;;;;;;;;;;;;;;;;;;;;;;;;;;;;;
124;1;COQUE BASEUS AIR CASE POUR SAMSUNG S5 BLEU MOD.ARSAS5-03;; 8 650    ;;;;;;;;;;;;;;;;;;;;;;;;;;;;;;;;;;;;;;;;;;;;;;;;;;;
125;1;COQUE BASEUS AIR CASE POUR SAMSUNG S5 CHAMPAGE OR MOD.ARSAS5-0V;; 8 650    ;;;;;;;;;;;;;;;;;;;;;;;;;;;;;;;;;;;;;;;;;;;;;;;;;;;
126;1;COQUE BASEUS AIR CASE POUR SAMSUNG S5 NOIR MOD.ARSAS5-01;; 8 650    ;;;;;;;;;;;;;;;;;;;;;;;;;;;;;;;;;;;;;;;;;;;;;;;;;;;
127;1;COQUE BASEUS AIR CASE POUR SAMSUNG S5 ROUGE MOD.ARSAS5-09;; 8 650    ;;;;;;;;;;;;;;;;;;;;;;;;;;;;;;;;;;;;;;;;;;;;;;;;;;;
128;1;COQUE BASEUS FINDER CASE POUR SAMSUNG S5 BLANC MOD.LTSAS5-FD02;; 21 150    ;;;;;;;;;;;;;;;;;;;;;;;;;;;;;;;;;;;;;;;;;;;;;;;;;;;
129;1;COQUE BASEUS FINDER CASE POUR SAMSUNG S5 CHAMPAGNE MOD.LTSAS5-FD0V;; 21 150    ;;;;;;;;;;;;;;;;;;;;;;;;;;;;;;;;;;;;;;;;;;;;;;;;;;;
130;1;COQUE BASEUS COLOURED GLAZE POUR SAMSUNG S5 CHAMPAGNE MOD.LTSAS5-CG0V;; 18 200    ;;;;;;;;;;;;;;;;;;;;;;;;;;;;;;;;;;;;;;;;;;;;;;;;;;;
131;1;COQUE BASEUS COLOURED GLAZE POUR SAMSUNG S5 NOIR MOD.LTSAS5-CG01;; 18 200    ;;;;;;;;;;;;;;;;;;;;;;;;;;;;;;;;;;;;;;;;;;;;;;;;;;;
132;1;COQUE BASEUS COLOURED GLAZE POUR SAMSUNG S5 ROSE MOD.LTSAS5-CGOR;; 18 200    ;;;;;;;;;;;;;;;;;;;;;;;;;;;;;;;;;;;;;;;;;;;;;;;;;;;
133;1;COQUE BASEUS BOHEM CASE POUR SAMSUNG S5 BLANC MOD.LTSAS5-BEM02;; 15 700    ;;;;;;;;;;;;;;;;;;;;;;;;;;;;;;;;;;;;;;;;;;;;;;;;;;;
134;1;COQUE BASEUS BOHEM CASE POUR SAMSUNG S5 ORANGE MOD.LTSAS5-BEM07;; 15 700    ;;;;;;;;;;;;;;;;;;;;;;;;;;;;;;;;;;;;;;;;;;;;;;;;;;;
135;1;COQUE BASEUS PURE VIEW CASE POUR SAMSUNG S5 BLANC MOD.LTSAS5-PW02;; 22 000    ;;;;;;;;;;;;;;;;;;;;;;;;;;;;;;;;;;;;;;;;;;;;;;;;;;;
136;1;COQUE BASEUS PURE VIEW CASE POUR SAMSUNG S5 NOIR MOD.LTSAS5-PW01;; 22 000    ;;;;;;;;;;;;;;;;;;;;;;;;;;;;;;;;;;;;;;;;;;;;;;;;;;;
137;1;COQUE BASEUS ULTRA THIN FOLDER PR SAMS NOTE3 BLANC MOD.LTSANOTE3-UF02;; 24 850    ;;;;;;;;;;;;;;;;;;;;;;;;;;;;;;;;;;;;;;;;;;;;;;;;;;;
138;1;COQUE BASEUS ULTRA THIN FOLDER PR SAMS NOTE3 NOIR MOD.LTSANOTE3-UF01;; 24 850    ;;;;;;;;;;;;;;;;;;;;;;;;;;;;;;;;;;;;;;;;;;;;;;;;;;;
139;1;COQUE BASEUS ULTRA THIN FOLDER PR SAMS NOTE3 ROSE MOD.LTSANOTE3-UF0R;; 24 850    ;;;;;;;;;;;;;;;;;;;;;;;;;;;;;;;;;;;;;;;;;;;;;;;;;;;
140;1;COQUE BASEUS ULTRA THIN FOLDER PR SAMS NOTE3 VERT MOD.LTSANOTE3-UF06;; 24 850    ;;;;;;;;;;;;;;;;;;;;;;;;;;;;;;;;;;;;;;;;;;;;;;;;;;;
141;1;COQUE BASEUS ULTRA THIN CASE POUR SAMSUNG NOTE3 BLANC MOD.UISANOTE3-02;; 11 350    ;;;;;;;;;;;;;;;;;;;;;;;;;;;;;;;;;;;;;;;;;;;;;;;;;;;
142;1;COQUE BASEUS ULTRA THIN CASE POUR SAMSUNG NOTE3 JAUNE MOD.UISANOTE3-0Y;; 11 350    ;;;;;;;;;;;;;;;;;;;;;;;;;;;;;;;;;;;;;;;;;;;;;;;;;;;
143;1;COQUE BASEUS ULTRA THIN CASE POUR SAMSUNG NOTE3 NOIR MOD.UISANOTE3-01;; 11 350    ;;;;;;;;;;;;;;;;;;;;;;;;;;;;;;;;;;;;;;;;;;;;;;;;;;;
144;1;COQUE BASEUS ULTRA THIN CASE POUR SAMSUNG NOTE3 ROUGE MOD.UISANOTE3-09;; 11 350    ;;;;;;;;;;;;;;;;;;;;;;;;;;;;;;;;;;;;;;;;;;;;;;;;;;;
145;1;COQUE BASEUS NOBLE BUISINESS LEATHER PR NOTE3 NOIR MOD.LTSANOTE3-NB01;; 28 250    ;;;;;;;;;;;;;;;;;;;;;;;;;;;;;;;;;;;;;;;;;;;;;;;;;;;
146;1;COQUE BASEUS NOBLE BUISINESS LEATHER PR NOTE3 SILVER MOD.LTSANOTE3-NB0S;; 28 250    ;;;;;;;;;;;;;;;;;;;;;;;;;;;;;;;;;;;;;;;;;;;;;;;;;;;
147;1;COQUE BASEUS FOLIO SUPPORTNIG PR SAMSUNG NOTE3 BLANC MOD.LTSANOTE3-SL02;; 17 550    ;;;;;;;;;;;;;;;;;;;;;;;;;;;;;;;;;;;;;;;;;;;;;;;;;;;
148;1;COQUE BASEUS FOLIO SUPPORTNIG PR SAMSUNG NOTE3 CYAN MOD.LTSANOTE3-SLCY;; 17 550    ;;;;;;;;;;;;;;;;;;;;;;;;;;;;;;;;;;;;;;;;;;;;;;;;;;;
149;1;COQUE BASEUS FOLIO SUPPORTNIG PR SAMSUNG NOTE3 ROSE MOD.LTSANOTE3-SLOR;; 17 550    ;;;;;;;;;;;;;;;;;;;;;;;;;;;;;;;;;;;;;;;;;;;;;;;;;;;
150;1;COQUE BASEUS FOLIO SUPPORTNIG PR SAMSUNG NOTE3 VERT MOD.LTSANOTE3-SL06;; 17 550    ;;;;;;;;;;;;;;;;;;;;;;;;;;;;;;;;;;;;;;;;;;;;;;;;;;;
151;1;COQUE BASEUS BOHEM CASE POUR SAMSUNG NOTE3 BLANC MOD.LTSANOTE3-BE02;; 20 500    ;;;;;;;;;;;;;;;;;;;;;;;;;;;;;;;;;;;;;;;;;;;;;;;;;;;
152;1;COQUE BASEUS BOHEM CASE POUR SAMSUNG NOTE3 NOIR MOD.LTSANOTE3-BE01;; 20 500    ;;;;;;;;;;;;;;;;;;;;;;;;;;;;;;;;;;;;;;;;;;;;;;;;;;;
153;1;COQUE BASEUS BOHEM CASE POUR SAMSUNG NOTE3 BLEU MOD.LTSANOTE3-BE03;; 20 500    ;;;;;;;;;;;;;;;;;;;;;;;;;;;;;;;;;;;;;;;;;;;;;;;;;;;
154;1;COQUE BASEUS FAITH LEATHER CASE PR SAMS NOTE3 BLANC MOD.LTSANOT3-XYA02;; 21 450    ;;;;;;;;;;;;;;;;;;;;;;;;;;;;;;;;;;;;;;;;;;;;;;;;;;;
155;1;COQUE BASEUS FAITH LEATHER CASE PR SAMS NOTE3 BLEU MOD.LTSANOT3-XYA15;; 21 450    ;;;;;;;;;;;;;;;;;;;;;;;;;;;;;;;;;;;;;;;;;;;;;;;;;;;
156;1;COQUE BASEUS FAITH LEATHER CASE PR SAMS NOTE3 CYAN MOD.LTSANOT3-XYACY;; 21 450    ;;;;;;;;;;;;;;;;;;;;;;;;;;;;;;;;;;;;;;;;;;;;;;;;;;;
157;1;COQUE BASEUS FAITH LEATHER CASE PR SAMS NOTE3 JAUNE MOD.LTSANOT3-XYA0Y;; 21 450    ;;;;;;;;;;;;;;;;;;;;;;;;;;;;;;;;;;;;;;;;;;;;;;;;;;;
158;1;COQUE BASEUS FAITH LEATHER CASE PR SAMS NOTE3 ROSE MOD.LTSANOT3-XYA0R;; 21 450    ;;;;;;;;;;;;;;;;;;;;;;;;;;;;;;;;;;;;;;;;;;;;;;;;;;;
159;1;COQUE PLASTIQUE CRYSTAL POUR CONSOLE NINTENDO DS LITE;; 6 410    ;;;;;;;;;;;;;;;;;;;;;;;;;;;;;;;;;;;;;;;;;;;;;;;;;;;
160;1;COQUE PLASTIQUE CRYSTAL POUR CONSOLE NINTENDO DS I;; 6 410    ;;;;;;;;;;;;;;;;;;;;;;;;;;;;;;;;;;;;;;;;;;;;;;;;;;;
161;1;COQUE PLASTIQUE CRYSTAL POUR CONSOLE NINTENDO DS XL;; 6 410    ;;;;;;;;;;;;;;;;;;;;;;;;;;;;;;;;;;;;;;;;;;;;;;;;;;;
162;1;COQUE PLASTIQUE CRYSTAL POUR CONSOLE NINTENDO DS 3D;; 6 410    ;;;;;;;;;;;;;;;;;;;;;;;;;;;;;;;;;;;;;;;;;;;;;;;;;;;
163;1;COQUE PLASTIQUE CRYSTAL POUR CONSOLE NINTENDO PSP GO;; 6 410    ;;;;;;;;;;;;;;;;;;;;;;;;;;;;;;;;;;;;;;;;;;;;;;;;;;;
164;1;COQUE POUR IPAD MINI AVEC COUVERCLE DETACHABLE ;; 29 000    ;;;;;;;;;;;;;;;;;;;;;;;;;;;;;;;;;;;;;;;;;;;;;;;;;;;
165;1;COQUE POUR IPHONE 4 MOD.SGP;; 6 600    ;;;;;;;;;;;;;;;;;;;;;;;;;;;;;;;;;;;;;;;;;;;;;;;;;;;
166;1;COQUE POUR IPHONE 4 MOD.CLEAR ;; 6 800    ;;;;;;;;;;;;;;;;;;;;;;;;;;;;;;;;;;;;;;;;;;;;;;;;;;;
167;1;COQUE POUR IPHONE 4 MOD.METALLISE;; 8 600    ;;;;;;;;;;;;;;;;;;;;;;;;;;;;;;;;;;;;;;;;;;;;;;;;;;;
168;1;COQUE POUR IPHONE 4 MOD.SGP SURFACE ANTI GLISSANTE;; 9 800    ;;;;;;;;;;;;;;;;;;;;;;;;;;;;;;;;;;;;;;;;;;;;;;;;;;;
169;1;COQUE POUR IPHONE 5 MOD.EXTRA FIN CLEAR;; 5 900    ;;;;;;;;;;;;;;;;;;;;;;;;;;;;;;;;;;;;;;;;;;;;;;;;;;;
170;1;COQUE POUR IPHONE 5 MOD.CONTOUR;; 6 400    ;;;;;;;;;;;;;;;;;;;;;;;;;;;;;;;;;;;;;;;;;;;;;;;;;;;
171;1;COQUE POUR IPHONE 5 MOD.USAMS XMATCH;; 13 500    ;;;;;;;;;;;;;;;;;;;;;;;;;;;;;;;;;;;;;;;;;;;;;;;;;;;
172;1;COQUE POUR IPHONE 6 AVEC LOGO VOITURES ;; 13 900    ;;;;;;;;;;;;;;;;;;;;;;;;;;;;;;;;;;;;;;;;;;;;;;;;;;;
173;1;COQUE POUR IPHONE 6+ AVEC LOGO VOITURES ;; 13 900    ;;;;;;;;;;;;;;;;;;;;;;;;;;;;;;;;;;;;;;;;;;;;;;;;;;;
174;1;COQUE SAMSUNG POUR SAMSUNG GALAXY NOTE MOD.FLIP COVER;; 12 000    ;;;;;;;;;;;;;;;;;;;;;;;;;;;;;;;;;;;;;;;;;;;;;;;;;;;
175;1;COQUE SAMSUNG POUR SAMSUNG GALAXY NOTE3 MOD.FLIP COVER;; 17 800    ;;;;;;;;;;;;;;;;;;;;;;;;;;;;;;;;;;;;;;;;;;;;;;;;;;;
176;1;COQUE SAMSUNG POUR SAMSUNG GALAXY S3 MOD.FLIP COVER;; 14 400    ;;;;;;;;;;;;;;;;;;;;;;;;;;;;;;;;;;;;;;;;;;;;;;;;;;;
177;1;COQUE SAMSUNG POUR SAMSUNG GALAXY S4 MOD.FLIP COVER;; 14 400    ;;;;;;;;;;;;;;;;;;;;;;;;;;;;;;;;;;;;;;;;;;;;;;;;;;;
178;1;COQUE POUR SAMSUNG GALAXY S3 MOD.EXTRA FIN;; 5 900    ;;;;;;;;;;;;;;;;;;;;;;;;;;;;;;;;;;;;;;;;;;;;;;;;;;;
179;1;COQUE POUR SAMSUNG GALAXY S4 MOD.EXTRA FIN;; 5 500    ;;;;;;;;;;;;;;;;;;;;;;;;;;;;;;;;;;;;;;;;;;;;;;;;;;;
180;1;"COQUE POUR SAMSUNG GALAXY TAB 2 7.0"" MOD.P3100/6200";; 27 720    ;;;;;;;;;;;;;;;;;;;;;;;;;;;;;;;;;;;;;;;;;;;;;;;;;;;
181;1;"COQUE POUR SAMSUNG GALAXY TAB 3 8"" MOD.T311/T310";; 28 300    ;;;;;;;;;;;;;;;;;;;;;;;;;;;;;;;;;;;;;;;;;;;;;;;;;;;
182;1;"COQUE POUR SAMSUNG GALAXY TAB PRO 8,4"" MOD.T320  ";; 31 200    ;;;;;;;;;;;;;;;;;;;;;;;;;;;;;;;;;;;;;;;;;;;;;;;;;;;
183;1;"COQUE POUR SAMSUNG GALAXY TAB PRO 12,2"" MOD.T9000  ";; 33 000    ;;;;;;;;;;;;;;;;;;;;;;;;;;;;;;;;;;;;;;;;;;;;;;;;;;;
184;1;COQUE SILICONE POUR POUR HUAWEI ASCEND GR3;; 9 150    ;;;;;;;;;;;;;;;;;;;;;;;;;;;;;;;;;;;;;;;;;;;;;;;;;;;
185;1;COQUE SILICONE POUR POUR HUAWEI ASCEND GR5 4G;; 9 150    ;;;;;;;;;;;;;;;;;;;;;;;;;;;;;;;;;;;;;;;;;;;;;;;;;;;
186;1;COQUE SILICONE POUR POUR HUAWEI ASCEND P7;; 9 150    ;;;;;;;;;;;;;;;;;;;;;;;;;;;;;;;;;;;;;;;;;;;;;;;;;;;
187;1;COQUE SILICONE POUR POUR HUAWEI ASCEND P8;; 9 150    ;;;;;;;;;;;;;;;;;;;;;;;;;;;;;;;;;;;;;;;;;;;;;;;;;;;
188;1;COQUE SILICONE POUR POUR HUAWEI ASCEND P8 LITE;; 9 150    ;;;;;;;;;;;;;;;;;;;;;;;;;;;;;;;;;;;;;;;;;;;;;;;;;;;
189;1;COQUE SILICONE POUR POUR HUAWEI G630-U10;; 9 150    ;;;;;;;;;;;;;;;;;;;;;;;;;;;;;;;;;;;;;;;;;;;;;;;;;;;
190;1;COQUE SILICONE POUR POUR HUAWEI G760-L01;; 9 150    ;;;;;;;;;;;;;;;;;;;;;;;;;;;;;;;;;;;;;;;;;;;;;;;;;;;
191;1;COQUE SILICONE POUR POUR HUAWEI G8;; 9 150    ;;;;;;;;;;;;;;;;;;;;;;;;;;;;;;;;;;;;;;;;;;;;;;;;;;;
192;1;COQUE SILICONE POUR POUR HUAWEI MATE 7;; 9 150    ;;;;;;;;;;;;;;;;;;;;;;;;;;;;;;;;;;;;;;;;;;;;;;;;;;;
193;1;COQUE SILICONE POUR POUR HUAWEI MATE 8;; 9 150    ;;;;;;;;;;;;;;;;;;;;;;;;;;;;;;;;;;;;;;;;;;;;;;;;;;;
194;1;COQUE SILICONE POUR POUR HUAWEI MATE S;; 9 150    ;;;;;;;;;;;;;;;;;;;;;;;;;;;;;;;;;;;;;;;;;;;;;;;;;;;
195;1;COQUE SILICONE POUR POUR HUAWEI Y3C;; 9 150    ;;;;;;;;;;;;;;;;;;;;;;;;;;;;;;;;;;;;;;;;;;;;;;;;;;;
196;1;COQUE SILICONE POUR POUR HUAWEI Y5C;; 9 150    ;;;;;;;;;;;;;;;;;;;;;;;;;;;;;;;;;;;;;;;;;;;;;;;;;;;
197;1;COQUE SILICONE POUR POUR HUAWEI Y6 3G;; 9 150    ;;;;;;;;;;;;;;;;;;;;;;;;;;;;;;;;;;;;;;;;;;;;;;;;;;;
198;1;COQUE SILICONE POUR POUR HUAWEI Y6 PRO;; 9 150    ;;;;;;;;;;;;;;;;;;;;;;;;;;;;;;;;;;;;;;;;;;;;;;;;;;;
199;1;COQUE SILICONE POUR POUR IPHONE 6;; 7 620    ;;;;;;;;;;;;;;;;;;;;;;;;;;;;;;;;;;;;;;;;;;;;;;;;;;;
200;1;COQUE SILICONE POUR POUR IPHONE 6 PLUS;; 7 620    ;;;;;;;;;;;;;;;;;;;;;;;;;;;;;;;;;;;;;;;;;;;;;;;;;;;
201;1;COQUE SILICONE POUR POUR SAMSUNG GALAXY ALPHA;; 9 500    ;;;;;;;;;;;;;;;;;;;;;;;;;;;;;;;;;;;;;;;;;;;;;;;;;;;
202;1;COQUE SILICONE POUR POUR SAMSUNG GALAXY A3;; 7 620    ;;;;;;;;;;;;;;;;;;;;;;;;;;;;;;;;;;;;;;;;;;;;;;;;;;;
203;1;COQUE SILICONE POUR POUR SAMSUNG GALAXY A5;; 7 620    ;;;;;;;;;;;;;;;;;;;;;;;;;;;;;;;;;;;;;;;;;;;;;;;;;;;
204;1;COQUE SILICONE POUR POUR SAMSUNG GALAXY A7;; 7 620    ;;;;;;;;;;;;;;;;;;;;;;;;;;;;;;;;;;;;;;;;;;;;;;;;;;;
205;1;COQUE SILICONE POUR POUR SAMSUNG GALAXY J1 ;; 7 620    ;;;;;;;;;;;;;;;;;;;;;;;;;;;;;;;;;;;;;;;;;;;;;;;;;;;
206;1;COQUE SILICONE POUR POUR SAMSUNG GALAXY J1 ACE;; 7 620    ;;;;;;;;;;;;;;;;;;;;;;;;;;;;;;;;;;;;;;;;;;;;;;;;;;;
207;1;COQUE SILICONE POUR POUR SAMSUNG GALAXY J2;; 7 620    ;;;;;;;;;;;;;;;;;;;;;;;;;;;;;;;;;;;;;;;;;;;;;;;;;;;
208;1;COQUE SILICONE POUR POUR SAMSUNG GALAXY J3;; 7 620    ;;;;;;;;;;;;;;;;;;;;;;;;;;;;;;;;;;;;;;;;;;;;;;;;;;;
209;1;COQUE SILICONE POUR POUR SAMSUNG GALAXY J5;; 7 620    ;;;;;;;;;;;;;;;;;;;;;;;;;;;;;;;;;;;;;;;;;;;;;;;;;;;
210;1;COQUE SILICONE POUR POUR SAMSUNG GALAXY J7;; 7 620    ;;;;;;;;;;;;;;;;;;;;;;;;;;;;;;;;;;;;;;;;;;;;;;;;;;;
211;1;COQUE SILICONE POUR POUR SAMSUNG GALAXY NOTE 4;; 9 500    ;;;;;;;;;;;;;;;;;;;;;;;;;;;;;;;;;;;;;;;;;;;;;;;;;;;
212;1;COQUE SILICONE POUR POUR SAMSUNG GALAXY NOTE 5;; 9 500    ;;;;;;;;;;;;;;;;;;;;;;;;;;;;;;;;;;;;;;;;;;;;;;;;;;;
213;1;COQUE SILICONE POUR POUR SAMSUNG GALAXY NOTE EDGE;; 9 000    ;;;;;;;;;;;;;;;;;;;;;;;;;;;;;;;;;;;;;;;;;;;;;;;;;;;
214;1;COQUE SILICONE POUR POUR SAMSUNG GALAXY S6;; 7 620    ;;;;;;;;;;;;;;;;;;;;;;;;;;;;;;;;;;;;;;;;;;;;;;;;;;;
215;1;COQUE SILICONE POUR POUR SAMSUNG GALAXY S6 EDGE;; 9 150    ;;;;;;;;;;;;;;;;;;;;;;;;;;;;;;;;;;;;;;;;;;;;;;;;;;;
216;1;COQUE SILICONE POUR POUR SAMSUNG GALAXY S6 EDGE+;; 9 150    ;;;;;;;;;;;;;;;;;;;;;;;;;;;;;;;;;;;;;;;;;;;;;;;;;;;
217;1;COQUE SILICONE POUR POUR SAMSUNG GALAXY S7;; 7 620    ;;;;;;;;;;;;;;;;;;;;;;;;;;;;;;;;;;;;;;;;;;;;;;;;;;;
218;1;COQUE SILICONE POUR POUR SAMSUNG GALAXY S7 EDGE;; 9 150    ;;;;;;;;;;;;;;;;;;;;;;;;;;;;;;;;;;;;;;;;;;;;;;;;;;;
219;1;COUPE CARTE SIM/MICRO SIM AVEC 2 ADAPTEURS MICRO SIM ;; 10 710    ;;;;;;;;;;;;;;;;;;;;;;;;;;;;;;;;;;;;;;;;;;;;;;;;;;;
220;1;DISQUE DUR 500GB POUR CONSOLE NINTENDO XBOX AVEC JEUX;; 255 990    ;;;;;;;;;;;;;;;;;;;;;;;;;;;;;;;;;;;;;;;;;;;;;;;;;;;
221;1;ECOUTEUR BLUETOOTH REMAX MOD.RB-T8 (CONN. 2 APPAREILS…) NEWECOUTEUR BLUETOOTH REMAX MOD.RB-T8 (CONN. 2 APPAREILS…) NEWECOUTEUR BLUETOOTH REMAX MOD.RB-T8 (CONN. 2 APPAREILS…) NEWECOUTEUR BLUETOOTH REMAX MOD.RB-T8 (CONN. 2 APPAREILS…) NEWECOUTEUR BLUETOOTH REMAX MOD.RB-T8 (CONN. 2 APPAREILS…) NEWECOUTEUR BLUETOOTH REMAX MOD.RB-T8 (CONN. 2 APPAREILS…) NEWECOUTEUR BLUETOOTH REMAX MOD.RB-T8 (CONN. 2 APPAREILS…) NEWECOUTEUR BLUETOOTH REMAX MOD.RB-T8 (CONN. 2 APPAREILS…) NEWECOUTEUR BLUETOOTH REMAX MOD.RB-T8 (CONN. 2 APPAREILS…) NEWECOUTEUR BLUETOOTH REMAX MOD.RB-T8 (CONN. 2 APPAREILS…) NEWECOUTEUR BLUETOOTH REMAX MOD.RB-T8 (CONN. 2 APPAREILS…) NEWECOUTEUR BLUETOOTH REMAX MOD.RB-T8 (CONN. 2 APPAREILS…) NEW;; 64 000    ;;;;;;;;;;;;;;;;;;;;;;;;;;;;;;;;;;;;;;;;;;;;;;;;;;;
222;1;ECOUTEUR MAINS LIBRE BLUETOOTH POWERBLUE MOD.BL-LE15 ;; 77 300    ;;;;;;;;;;;;;;;;;;;;;;;;;;;;;;;;;;;;;;;;;;;;;;;;;;;
223;1;ECOUTEUR BLUETOOTH REMAX MOD.RB-S5 (SPORT/2ECOUTEURS/ANTI SUEUR…) NEWECOUTEUR BLUETOOTH REMAX MOD.RB-S5 (SPORT/2ECOUTEURS/ANTI SUEUR…) NEWECOUTEUR BLUETOOTH REMAX MOD.RB-S5 (SPORT/2ECOUTEURS/ANTI SUEUR…) NEWECOUTEUR BLUETOOTH REMAX MOD.RB-S5 (SPORT/2ECOUTEURS/ANTI SUEUR…) NEWECOUTEUR BLUETOOTH REMAX MOD.RB-S5 (SPORT/2ECOUTEURS/ANTI SUEUR…) NEWECOUTEUR BLUETOOTH REMAX MOD.RB-S5 (SPORT/2ECOUTEURS/ANTI SUEUR…) NEWECOUTEUR BLUETOOTH REMAX MOD.RB-S5 (SPORT/2ECOUTEURS/ANTI SUEUR…) NEWECOUTEUR BLUETOOTH REMAX MOD.RB-S5 (SPORT/2ECOUTEURS/ANTI SUEUR…) NEWECOUTEUR BLUETOOTH REMAX MOD.RB-S5 (SPORT/2ECOUTEURS/ANTI SUEUR…) NEWECOUTEUR BLUETOOTH REMAX MOD.RB-S5 (SPORT/2ECOUTEURS/ANTI SUEUR…) NEWECOUTEUR BLUETOOTH REMAX MOD.RB-S5 (SPORT/2ECOUTEURS/ANTI SUEUR…) NEWECOUTEUR BLUETOOTH REMAX MOD.RB-S5 (SPORT/2ECOUTEURS/ANTI SUEUR…) NEW;; 102 040    ;;;;;;;;;;;;;;;;;;;;;;;;;;;;;;;;;;;;;;;;;;;;;;;;;;;
224;1;ECOUTEUR MAINS LIBRE BLUETOOTH SAMSUNG MOD.HM1200 ;; 85 750    ;;;;;;;;;;;;;;;;;;;;;;;;;;;;;;;;;;;;;;;;;;;;;;;;;;;
225;1;ECOUTEUR POUR IPHONE5/6 (MODELE ORIGINAL);; 10 800    ;;;;;;;;;;;;;;;;;;;;;;;;;;;;;;;;;;;;;;;;;;;;;;;;;;;
226;1;FILM DE PROTECTION BASEUS ANTI EMPREINTE POUR IPHONE5C MOD.SGAPIHMINI-DF;; 5 700    ;;;;;;;;;;;;;;;;;;;;;;;;;;;;;;;;;;;;;;;;;;;;;;;;;;;
227;1;FILM DE PROTECTION BASEUS ANTI EMPREINTE POUR SAMSUNG GALAXY NOTE8.0 MOD.SGSAN5100-DF;; 8 100    ;;;;;;;;;;;;;;;;;;;;;;;;;;;;;;;;;;;;;;;;;;;;;;;;;;;
228;1;FILM DE PROTECTION BASEUS ANTI EMPREINTE POUR SAMSUNG GALAXY PREM. MOD.SGSAI9260-DF;; 3 900    ;;;;;;;;;;;;;;;;;;;;;;;;;;;;;;;;;;;;;;;;;;;;;;;;;;;
229;1;FILM DE PROTECTION BASEUS ANTI EMPREINTE POUR SAMSUNG NOTE2 MOD.SGSAN7100-DF;; 3 900    ;;;;;;;;;;;;;;;;;;;;;;;;;;;;;;;;;;;;;;;;;;;;;;;;;;;
230;1;FILM DE PROTECTION BASEUS ANTI EMPREINTE POUR SAMSUNG NOTE3 MOD.SGSANOTE3-DF;; 4 450    ;;;;;;;;;;;;;;;;;;;;;;;;;;;;;;;;;;;;;;;;;;;;;;;;;;;
231;1;FILM DE PROTECTION BASEUS ANTI EMPREINTE POUR SAMSUNG S4MINI MOD.SGSAI9190-DF;; 2 900    ;;;;;;;;;;;;;;;;;;;;;;;;;;;;;;;;;;;;;;;;;;;;;;;;;;;
232;1;FILM DE PROTECTION BASEUS ANTI EMPREINTE POUR SAMSUNG GALAXY S4 MOD.SGSAI9500-DF;; 2 900    ;;;;;;;;;;;;;;;;;;;;;;;;;;;;;;;;;;;;;;;;;;;;;;;;;;;
233;1;FILM DE PROTECTION BASEUS CLEAR POUR IPHONE5/5S/5C MOD.SGAPIPH5-CF;; 2 900    ;;;;;;;;;;;;;;;;;;;;;;;;;;;;;;;;;;;;;;;;;;;;;;;;;;;
234;1;FILM DE PROTECTION BASEUS CLEAR POUR SAMSUNG GALAXY S5 MOD.SGSAS5-CF;; 2 900    ;;;;;;;;;;;;;;;;;;;;;;;;;;;;;;;;;;;;;;;;;;;;;;;;;;;
235;1;FILM DE PROTECTION BASEUS HAUTE DEFINITION POUR SAMSUNG NOTE3 MOD.SGSANOTE3-HD;; 3 900    ;;;;;;;;;;;;;;;;;;;;;;;;;;;;;;;;;;;;;;;;;;;;;;;;;;;
236;1;FILM DE PROTECTION BASEUS HAUTE DEFINITION POUR IPHONE5/5C/5S MOD.SGAPIHMINI-HD;; 3 900    ;;;;;;;;;;;;;;;;;;;;;;;;;;;;;;;;;;;;;;;;;;;;;;;;;;;
237;1;FILM DE PROTECTION BASEUS HAUTE DEFINITION POUR SAMSUNG S5 MOD.SGSAS5-HD;; 5 900    ;;;;;;;;;;;;;;;;;;;;;;;;;;;;;;;;;;;;;;;;;;;;;;;;;;;
238;1;FILM DE PROTECTION BASEUS HAUTE DEFINIT. POUR SAMSUNG TAB3 P5200 MOD.SGSATAB310-HD;; 8 100    ;;;;;;;;;;;;;;;;;;;;;;;;;;;;;;;;;;;;;;;;;;;;;;;;;;;
239;1;FILM DE PROTECTION BASEUS HAUTE DEFINIT. POUR SAMSUNG NOTE GT-N5100/N5110 MOD.SGSAN5100-HD;; 3 900    ;;;;;;;;;;;;;;;;;;;;;;;;;;;;;;;;;;;;;;;;;;;;;;;;;;;
240;1;FILM DE PROTECTION BASEUS HAUTE DEFINIT. POUR SAMSUNG NOTE GT-N5110 MOD.SGSAN5110-HD;; 3 900    ;;;;;;;;;;;;;;;;;;;;;;;;;;;;;;;;;;;;;;;;;;;;;;;;;;;
241;1;FILM DE PROTECTION BASEUS HAUTE DEFINIT. POUR SAMSUNG TAB3 T310 MOD.SGSATAB38-HD;; 8 100    ;;;;;;;;;;;;;;;;;;;;;;;;;;;;;;;;;;;;;;;;;;;;;;;;;;;
242;1;FILM DE PROTECTION BASEUS TEMPERED GLASS 0.3MM POUR NOTE3 MOD.SGSANOTE3-TG;; 15 700    ;;;;;;;;;;;;;;;;;;;;;;;;;;;;;;;;;;;;;;;;;;;;;;;;;;;
243;1;FILM DE PROTECTION POUR IPAD2/3/4;; 8 400    ;;;;;;;;;;;;;;;;;;;;;;;;;;;;;;;;;;;;;;;;;;;;;;;;;;;
244;1;FILM DE PROTECTION POUR IPHONE 3;; 1 800    ;;;;;;;;;;;;;;;;;;;;;;;;;;;;;;;;;;;;;;;;;;;;;;;;;;;
245;1;FILM DE PROTECTION POUR IPHONE 4 SIMPLE;; 1 800    ;;;;;;;;;;;;;;;;;;;;;;;;;;;;;;;;;;;;;;;;;;;;;;;;;;;
246;1;FILM DE PROTECTION POUR IPHONE 4 DOUBLE;; 1 840    ;;;;;;;;;;;;;;;;;;;;;;;;;;;;;;;;;;;;;;;;;;;;;;;;;;;
247;1;FILM DE PROTECTION POUR IPHONE 4 3D;; 4 400    ;;;;;;;;;;;;;;;;;;;;;;;;;;;;;;;;;;;;;;;;;;;;;;;;;;;
248;1;FILM DE PROTECTION POUR IPHONE 4 DIAMOND;; 5 300    ;;;;;;;;;;;;;;;;;;;;;;;;;;;;;;;;;;;;;;;;;;;;;;;;;;;
249;1;FILM DE PROTECTION POUR IPHONE 4 DOUBLE FANTAISIE (DIFF. IMAGES);; 8 400    ;;;;;;;;;;;;;;;;;;;;;;;;;;;;;;;;;;;;;;;;;;;;;;;;;;;
250;1;FILM DE PROTECTION POUR IPHONE 5 SIMPLE;; 1 990    ;;;;;;;;;;;;;;;;;;;;;;;;;;;;;;;;;;;;;;;;;;;;;;;;;;;
251;1;FILM DE PROTECTION POUR IPHONE 5 DOUBLE;; 2 500    ;;;;;;;;;;;;;;;;;;;;;;;;;;;;;;;;;;;;;;;;;;;;;;;;;;;
252;1;FILM DE PROTECTION POUR IPHONE 5 3D;; 5 600    ;;;;;;;;;;;;;;;;;;;;;;;;;;;;;;;;;;;;;;;;;;;;;;;;;;;
253;1;FILM DE PROTECTION POUR IPHONE 5 DIAMOND;; 5 800    ;;;;;;;;;;;;;;;;;;;;;;;;;;;;;;;;;;;;;;;;;;;;;;;;;;;
254;1;FILM DE PROTECTION POUR IPHONE 5 DOUBLE FANTAISIE (DIFF. IMAGES);; 8 400    ;;;;;;;;;;;;;;;;;;;;;;;;;;;;;;;;;;;;;;;;;;;;;;;;;;;
255;1;FILM DE PROTECTION POUR SAMSUNG GALAXY NOTE MOD.I9220;; 1 820    ;;;;;;;;;;;;;;;;;;;;;;;;;;;;;;;;;;;;;;;;;;;;;;;;;;;
256;1;FILM DE PROTECTION POUR SAMSUNG GALAXY NOTE2 MOD.N7100;; 1 680    ;;;;;;;;;;;;;;;;;;;;;;;;;;;;;;;;;;;;;;;;;;;;;;;;;;;
257;1;FILM DE PROTECTION POUR SAMSUNG GALAXY NOTE3;; 1 750    ;;;;;;;;;;;;;;;;;;;;;;;;;;;;;;;;;;;;;;;;;;;;;;;;;;;
258;1;FILM DE PROTECTION POUR SAMSUNG GALAXY S3 MINI MOD.I8190;; 1 800    ;;;;;;;;;;;;;;;;;;;;;;;;;;;;;;;;;;;;;;;;;;;;;;;;;;;
259;1;FILM DE PROTECTION POUR SAMSUNG GALAXY S3 MOD.I9300;; 1 800    ;;;;;;;;;;;;;;;;;;;;;;;;;;;;;;;;;;;;;;;;;;;;;;;;;;;
260;1;FILM DE PROTECTION POUR SAMSUNG GALAXY S3 3D MOD.I9300;; 3 900    ;;;;;;;;;;;;;;;;;;;;;;;;;;;;;;;;;;;;;;;;;;;;;;;;;;;
261;1;FILM DE PROTECTION POUR SAMSUNG GALAXY S3 DIAMOND MOD.I9300;; 3 900    ;;;;;;;;;;;;;;;;;;;;;;;;;;;;;;;;;;;;;;;;;;;;;;;;;;;
262;1;FILM DE PROTECTION POUR SAMSUNG GALAXY S4 MINI;; 1 800    ;;;;;;;;;;;;;;;;;;;;;;;;;;;;;;;;;;;;;;;;;;;;;;;;;;;
263;1;FILM DE PROTECTION POUR SAMSUNG GALAXY S4 MINI 3D;; 3 900    ;;;;;;;;;;;;;;;;;;;;;;;;;;;;;;;;;;;;;;;;;;;;;;;;;;;
264;1;FILM DE PROTECTION POUR SAMSUNG GALAXY S4 MINI DIAMOND;; 3 900    ;;;;;;;;;;;;;;;;;;;;;;;;;;;;;;;;;;;;;;;;;;;;;;;;;;;
265;1;FILM DE PROTECTION POUR SAMSUNG GALAXY S4 MOD.I9500;; 1 800    ;;;;;;;;;;;;;;;;;;;;;;;;;;;;;;;;;;;;;;;;;;;;;;;;;;;
266;1;FILM DE PROTECTION POUR SAMSUNG GALAXY S4 3D MOD.I9500;; 3 900    ;;;;;;;;;;;;;;;;;;;;;;;;;;;;;;;;;;;;;;;;;;;;;;;;;;;
267;1;FILM DE PROTECTION POUR SAMSUNG GALAXY S4 DIAMOND MOD.I9500;; 3 900    ;;;;;;;;;;;;;;;;;;;;;;;;;;;;;;;;;;;;;;;;;;;;;;;;;;;
268;1;FILM DE PROTECTION POUR SAMSUNG GALAXY S5 ;; 1 800    ;;;;;;;;;;;;;;;;;;;;;;;;;;;;;;;;;;;;;;;;;;;;;;;;;;;
269;1;FILM DE PROTECTION ANTI SHOCK/SCRATCH INCURVE PR SAMSUNG S6 EDGE;; 18 290    ;;;;;;;;;;;;;;;;;;;;;;;;;;;;;;;;;;;;;;;;;;;;;;;;;;;
270;1;FILM DE PROTECTION ANTI SHOCK/SCRATCH INCURVE PR SAMSUNG S6 EDGE+;; 20 120    ;;;;;;;;;;;;;;;;;;;;;;;;;;;;;;;;;;;;;;;;;;;;;;;;;;;
271;1;FILM DE PROTECTION ANTI SHOCK/SCRATCH INCURVE PR SAMSUNG S7 EDGE;; 21 950    ;;;;;;;;;;;;;;;;;;;;;;;;;;;;;;;;;;;;;;;;;;;;;;;;;;;
272;1;FILM DE PROTECTION ANTI SHOCK/SCRATCH INCURVE PR SAMSUNG NOTE EDGE  (3COULEUR);; 30 120    ;;;;;;;;;;;;;;;;;;;;;;;;;;;;;;;;;;;;;;;;;;;;;;;;;;;
273;1;FILM DE PROTECTION ANTI SHOCK/SCRATCH POUR HTC 10;; 8 230    ;;;;;;;;;;;;;;;;;;;;;;;;;;;;;;;;;;;;;;;;;;;;;;;;;;;
274;1;FILM DE PROTECTION ANTI SHOCK/SCRATCH POUR HTC Desire 530;; 8 230    ;;;;;;;;;;;;;;;;;;;;;;;;;;;;;;;;;;;;;;;;;;;;;;;;;;;
275;1;FILM DE PROTECTION ANTI SHOCK/SCRATCH POUR HTC Desire 620;; 8 230    ;;;;;;;;;;;;;;;;;;;;;;;;;;;;;;;;;;;;;;;;;;;;;;;;;;;
276;1;FILM DE PROTECTION ANTI SHOCK/SCRATCH POUR HTC Desire 816;; 8 230    ;;;;;;;;;;;;;;;;;;;;;;;;;;;;;;;;;;;;;;;;;;;;;;;;;;;
277;1;FILM DE PROTECTION ANTI SHOCK/SCRATCH POUR HTC Desire 820;; 8 230    ;;;;;;;;;;;;;;;;;;;;;;;;;;;;;;;;;;;;;;;;;;;;;;;;;;;
278;1;FILM DE PROTECTION ANTI SHOCK/SCRATCH POUR HTC One M8;; 8 230    ;;;;;;;;;;;;;;;;;;;;;;;;;;;;;;;;;;;;;;;;;;;;;;;;;;;
279;1;FILM DE PROTECTION ANTI SHOCK/SCRATCH POUR HTC One A9;; 8 230    ;;;;;;;;;;;;;;;;;;;;;;;;;;;;;;;;;;;;;;;;;;;;;;;;;;;
280;1;FILM DE PROTECTION ANTI SHOCK/SCRATCH POUR HTC One M9;; 8 230    ;;;;;;;;;;;;;;;;;;;;;;;;;;;;;;;;;;;;;;;;;;;;;;;;;;;
281;1;FILM DE PROTECTION ANTI SHOCK/SCRATCH POUR HUAWEI ASCEND GR3;; 8 230    ;;;;;;;;;;;;;;;;;;;;;;;;;;;;;;;;;;;;;;;;;;;;;;;;;;;
282;1;FILM DE PROTECTION ANTI SHOCK/SCRATCH POUR HUAWEI ASCEND GR5 4G;; 8 230    ;;;;;;;;;;;;;;;;;;;;;;;;;;;;;;;;;;;;;;;;;;;;;;;;;;;
283;1;FILM DE PROTECTION ANTI SHOCK/SCRATCH POUR HUAWEI ASCEND P7;; 8 230    ;;;;;;;;;;;;;;;;;;;;;;;;;;;;;;;;;;;;;;;;;;;;;;;;;;;
284;1;FILM DE PROTECTION ANTI SHOCK/SCRATCH POUR HUAWEI ASCEND P8;; 8 230    ;;;;;;;;;;;;;;;;;;;;;;;;;;;;;;;;;;;;;;;;;;;;;;;;;;;
285;1;FILM DE PROTECTION ANTI SHOCK/SCRATCH POUR HUAWEI ASCEND P8 LITE;; 8 230    ;;;;;;;;;;;;;;;;;;;;;;;;;;;;;;;;;;;;;;;;;;;;;;;;;;;
286;1;FILM DE PROTECTION ANTI SHOCK/SCRATCH POUR HUAWEI G630-U10;; 8 230    ;;;;;;;;;;;;;;;;;;;;;;;;;;;;;;;;;;;;;;;;;;;;;;;;;;;
287;1;FILM DE PROTECTION ANTI SHOCK/SCRATCH POUR HUAWEI G760-L01;; 8 230    ;;;;;;;;;;;;;;;;;;;;;;;;;;;;;;;;;;;;;;;;;;;;;;;;;;;
288;1;FILM DE PROTECTION ANTI SHOCK/SCRATCH POUR HUAWEI G8;; 8 230    ;;;;;;;;;;;;;;;;;;;;;;;;;;;;;;;;;;;;;;;;;;;;;;;;;;;
289;1;FILM DE PROTECTION ANTI SHOCK/SCRATCH POUR HUAWEI MATE 7;; 8 230    ;;;;;;;;;;;;;;;;;;;;;;;;;;;;;;;;;;;;;;;;;;;;;;;;;;;
290;1;FILM DE PROTECTION ANTI SHOCK/SCRATCH POUR HUAWEI MATE 8;; 8 230    ;;;;;;;;;;;;;;;;;;;;;;;;;;;;;;;;;;;;;;;;;;;;;;;;;;;
291;1;FILM DE PROTECTION ANTI SHOCK/SCRATCH POUR HUAWEI MATE S;; 8 230    ;;;;;;;;;;;;;;;;;;;;;;;;;;;;;;;;;;;;;;;;;;;;;;;;;;;
292;1;FILM DE PROTECTION ANTI SHOCK/SCRATCH POUR HUAWEI MEDIA PAD S8-701U;; 19 510    ;;;;;;;;;;;;;;;;;;;;;;;;;;;;;;;;;;;;;;;;;;;;;;;;;;;
293;1;FILM DE PROTECTION ANTI SHOCK/SCRATCH POUR HUAWEI MEDIA PAD T1 (S7 701U);; 19 510    ;;;;;;;;;;;;;;;;;;;;;;;;;;;;;;;;;;;;;;;;;;;;;;;;;;;
294;1;FILM DE PROTECTION ANTI SHOCK/SCRATCH POUR HUAWEI Y3C;; 8 230    ;;;;;;;;;;;;;;;;;;;;;;;;;;;;;;;;;;;;;;;;;;;;;;;;;;;
295;1;FILM DE PROTECTION ANTI SHOCK/SCRATCH POUR HUAWEI Y5C;; 8 230    ;;;;;;;;;;;;;;;;;;;;;;;;;;;;;;;;;;;;;;;;;;;;;;;;;;;
296;1;FILM DE PROTECTION ANTI SHOCK/SCRATCH POUR HUAWEI Y6 3G;; 8 230    ;;;;;;;;;;;;;;;;;;;;;;;;;;;;;;;;;;;;;;;;;;;;;;;;;;;
297;1;FILM DE PROTECTION ANTI SHOCK/SCRATCH POUR HUAWEI Y6 PRO;; 8 230    ;;;;;;;;;;;;;;;;;;;;;;;;;;;;;;;;;;;;;;;;;;;;;;;;;;;
298;1;FILM DE PROTECTION ANTI SHOCK/SCRATCH POUR IPAD AIR 1 2 3 4;; 22 590    ;;;;;;;;;;;;;;;;;;;;;;;;;;;;;;;;;;;;;;;;;;;;;;;;;;;
299;1;FILM DE PROTECTION ANTI SHOCK/SCRATCH POUR IPAD2/IPAD3;; 18 830    ;;;;;;;;;;;;;;;;;;;;;;;;;;;;;;;;;;;;;;;;;;;;;;;;;;;
300;1;FILM DE PROTECTION ANTI SHOCK/SCRATCH POUR IPHONE 4/4S;; 8 000    ;;;;;;;;;;;;;;;;;;;;;;;;;;;;;;;;;;;;;;;;;;;;;;;;;;;
301;1;FILM DE PROTECTION ANTI SHOCK/SCRATCH POUR IPHONE 5/5C/5S;; 6 710    ;;;;;;;;;;;;;;;;;;;;;;;;;;;;;;;;;;;;;;;;;;;;;;;;;;;
302;1;FILM DE PROTECTION ANTI SHOCK/SCRATCH POUR IPHONE 6;; 8 700    ;;;;;;;;;;;;;;;;;;;;;;;;;;;;;;;;;;;;;;;;;;;;;;;;;;;
303;1;FILM DE PROTECTION ANTI SHOCK/SCRATCH POUR IPHONE 6+;; 9 000    ;;;;;;;;;;;;;;;;;;;;;;;;;;;;;;;;;;;;;;;;;;;;;;;;;;;
304;1;FILM DE PROTECTION ANTI SHOCK/SCRATCH POUR IPHONE 7;; 10 060    ;;;;;;;;;;;;;;;;;;;;;;;;;;;;;;;;;;;;;;;;;;;;;;;;;;;
305;1;FILM DE PROTECTION ANTI SHOCK/SCRATCH POUR NOKIA 630;; 8 230    ;;;;;;;;;;;;;;;;;;;;;;;;;;;;;;;;;;;;;;;;;;;;;;;;;;;
306;1;FILM DE PROTECTION ANTI SHOCK/SCRATCH POUR NOKIA 1320;; 13 300    ;;;;;;;;;;;;;;;;;;;;;;;;;;;;;;;;;;;;;;;;;;;;;;;;;;;
307;1;FILM DE PROTECTION ANTI SHOCK/SCRATCH POUR NOKIA 1520;; 8 700    ;;;;;;;;;;;;;;;;;;;;;;;;;;;;;;;;;;;;;;;;;;;;;;;;;;;
308;1;FILM DE PROTECTION ANTI SHOCK/SCRATCH POUR SAMSUNG GALAXY A3;; 6 710    ;;;;;;;;;;;;;;;;;;;;;;;;;;;;;;;;;;;;;;;;;;;;;;;;;;;
309;1;FILM DE PROTECTION ANTI SHOCK/SCRATCH POUR SAMSUNG GALAXY A5;; 6 710    ;;;;;;;;;;;;;;;;;;;;;;;;;;;;;;;;;;;;;;;;;;;;;;;;;;;
310;1;FILM DE PROTECTION ANTI SHOCK/SCRATCH POUR SAMSUNG GALAXY A7;; 8 500    ;;;;;;;;;;;;;;;;;;;;;;;;;;;;;;;;;;;;;;;;;;;;;;;;;;;
311;1;FILM DE PROTECTION ANTI SHOCK/SCRATCH POUR SAMSUNG GALAXY ALPHA;; 8 500    ;;;;;;;;;;;;;;;;;;;;;;;;;;;;;;;;;;;;;;;;;;;;;;;;;;;
312;1;FILM DE PROTECTION ANTI SHOCK/SCRATCH POUR SAMSUNG GALAXY J1 ;; 9 500    ;;;;;;;;;;;;;;;;;;;;;;;;;;;;;;;;;;;;;;;;;;;;;;;;;;;
313;1;FILM DE PROTECTION ANTI SHOCK/SCRATCH POUR SAMSUNG GALAXY J1 ACE;; 6 710    ;;;;;;;;;;;;;;;;;;;;;;;;;;;;;;;;;;;;;;;;;;;;;;;;;;;
314;1;FILM DE PROTECTION ANTI SHOCK/SCRATCH POUR SAMSUNG GALAXY J2;; 6 710    ;;;;;;;;;;;;;;;;;;;;;;;;;;;;;;;;;;;;;;;;;;;;;;;;;;;
315;1;FILM DE PROTECTION ANTI SHOCK/SCRATCH POUR SAMSUNG GALAXY J3;; 6 710    ;;;;;;;;;;;;;;;;;;;;;;;;;;;;;;;;;;;;;;;;;;;;;;;;;;;
316;1;FILM DE PROTECTION ANTI SHOCK/SCRATCH POUR SAMSUNG GALAXY J5;; 6 710    ;;;;;;;;;;;;;;;;;;;;;;;;;;;;;;;;;;;;;;;;;;;;;;;;;;;
317;1;FILM DE PROTECTION ANTI SHOCK/SCRATCH POUR SAMSUNG GALAXY J7;; 6 710    ;;;;;;;;;;;;;;;;;;;;;;;;;;;;;;;;;;;;;;;;;;;;;;;;;;;
318;1;FILM DE PROTECTION ANTI SHOCK/SCRATCH POUR SAMSUNG GALAXY NOTE;; 9 000    ;;;;;;;;;;;;;;;;;;;;;;;;;;;;;;;;;;;;;;;;;;;;;;;;;;;
319;1;FILM DE PROTECTION ANTI SHOCK/SCRATCH POUR SAMSUNG GALAXY NOTE2;; 6 710    ;;;;;;;;;;;;;;;;;;;;;;;;;;;;;;;;;;;;;;;;;;;;;;;;;;;
320;1;FILM DE PROTECTION ANTI SHOCK/SCRATCH POUR SAMSUNG GALAXY NOTE3;; 8 700    ;;;;;;;;;;;;;;;;;;;;;;;;;;;;;;;;;;;;;;;;;;;;;;;;;;;
321;1;FILM DE PROTECTION ANTI SHOCK/SCRATCH POUR SAMSUNG GALAXY NOTE4;; 9 000    ;;;;;;;;;;;;;;;;;;;;;;;;;;;;;;;;;;;;;;;;;;;;;;;;;;;
322;1;FILM DE PROTECTION ANTI SHOCK/SCRATCH POUR SAMSUNG GALAXY NOTE5;; 8 700    ;;;;;;;;;;;;;;;;;;;;;;;;;;;;;;;;;;;;;;;;;;;;;;;;;;;
323;1;FILM DE PROTECTION ANTI SHOCK/SCRATCH POUR SAMSUNG GALAXY NOTE7;; 9 150    ;;;;;;;;;;;;;;;;;;;;;;;;;;;;;;;;;;;;;;;;;;;;;;;;;;;
324;1;FILM DE PROTECTION ANTI SHOCK/SCRATCH POUR SAMSUNG GALAXY S2;; 8 700    ;;;;;;;;;;;;;;;;;;;;;;;;;;;;;;;;;;;;;;;;;;;;;;;;;;;
325;1;FILM DE PROTECTION ANTI SHOCK/SCRATCH POUR SAMSUNG GALAXY S3;; 8 700    ;;;;;;;;;;;;;;;;;;;;;;;;;;;;;;;;;;;;;;;;;;;;;;;;;;;
326;1;FILM DE PROTECTION ANTI SHOCK/SCRATCH POUR SAMSUNG GALAXY S3 MINI;; 6 710    ;;;;;;;;;;;;;;;;;;;;;;;;;;;;;;;;;;;;;;;;;;;;;;;;;;;
327;1;FILM DE PROTECTION ANTI SHOCK/SCRATCH POUR SAMSUNG GALAXY S4;; 6 710    ;;;;;;;;;;;;;;;;;;;;;;;;;;;;;;;;;;;;;;;;;;;;;;;;;;;
328;1;FILM DE PROTECTION ANTI SHOCK/SCRATCH POUR SAMSUNG GALAXY S4MINI;; 8 700    ;;;;;;;;;;;;;;;;;;;;;;;;;;;;;;;;;;;;;;;;;;;;;;;;;;;
329;1;FILM DE PROTECTION ANTI SHOCK/SCRATCH POUR SAMSUNG GALAXY S5;; 6 710    ;;;;;;;;;;;;;;;;;;;;;;;;;;;;;;;;;;;;;;;;;;;;;;;;;;;
330;1;FILM DE PROTECTION ANTI SHOCK/SCRATCH POUR SAMSUNG GALAXY S5 MINI;; 8 500    ;;;;;;;;;;;;;;;;;;;;;;;;;;;;;;;;;;;;;;;;;;;;;;;;;;;
331;1;FILM DE PROTECTION ANTI SHOCK/SCRATCH POUR SAMSUNG GALAXY S6;; 8 500    ;;;;;;;;;;;;;;;;;;;;;;;;;;;;;;;;;;;;;;;;;;;;;;;;;;;
332;1;FILM DE PROTECTION ANTI SHOCK/SCRATCH POUR SAMSUNG GALAXY S6 EDGE;; 8 500    ;;;;;;;;;;;;;;;;;;;;;;;;;;;;;;;;;;;;;;;;;;;;;;;;;;;
333;1;FILM DE PROTECTION ANTI SHOCK/SCRATCH POUR SAMSUNG GALAXY S7 ;; 9 500    ;;;;;;;;;;;;;;;;;;;;;;;;;;;;;;;;;;;;;;;;;;;;;;;;;;;
334;1;FILM DE PROTECTION ANTI SHOCK/SCRATCH POUR SONY T2;; 8 700    ;;;;;;;;;;;;;;;;;;;;;;;;;;;;;;;;;;;;;;;;;;;;;;;;;;;
335;1;FILM DE PROTECTION ANTI SHOCK/SCRATCH POUR SONY T3;; 8 230    ;;;;;;;;;;;;;;;;;;;;;;;;;;;;;;;;;;;;;;;;;;;;;;;;;;;
336;1;FILM DE PROTECTION ANTI SHOCK/SCRATCH POUR SONY XPERIA C4 ET C4 DUAL;; 8 230    ;;;;;;;;;;;;;;;;;;;;;;;;;;;;;;;;;;;;;;;;;;;;;;;;;;;
337;1;FILM DE PROTECTION ANTI SHOCK/SCRATCH POUR SONY XPERIA C5 ULTRA DUAL;; 8 230    ;;;;;;;;;;;;;;;;;;;;;;;;;;;;;;;;;;;;;;;;;;;;;;;;;;;
338;1;FILM DE PROTECTION ANTI SHOCK/SCRATCH POUR SONY XPERIA e4G ET e4G DUAL;; 8 230    ;;;;;;;;;;;;;;;;;;;;;;;;;;;;;;;;;;;;;;;;;;;;;;;;;;;
339;1;FILM DE PROTECTION ANTI SHOCK/SCRATCH POUR SONY XPERIA E5;; 8 230    ;;;;;;;;;;;;;;;;;;;;;;;;;;;;;;;;;;;;;;;;;;;;;;;;;;;
340;1;FILM DE PROTECTION ANTI SHOCK/SCRATCH POUR SONY XPERIA M4 AQUA ET M4 AQUA DUAL;; 8 230    ;;;;;;;;;;;;;;;;;;;;;;;;;;;;;;;;;;;;;;;;;;;;;;;;;;;
341;1;FILM DE PROTECTION ANTI SHOCK/SCRATCH POUR SONY XPERIA M5 DUAL;; 8 230    ;;;;;;;;;;;;;;;;;;;;;;;;;;;;;;;;;;;;;;;;;;;;;;;;;;;
342;1;FILM DE PROTECTION ANTI SHOCK/SCRATCH POUR SONY Z1;; 8 700    ;;;;;;;;;;;;;;;;;;;;;;;;;;;;;;;;;;;;;;;;;;;;;;;;;;;
343;1;FILM DE PROTECTION ANTI SHOCK/SCRATCH POUR SONY Z1 MINI;; 8 700    ;;;;;;;;;;;;;;;;;;;;;;;;;;;;;;;;;;;;;;;;;;;;;;;;;;;
344;1;FILM DE PROTECTION ANTI SHOCK/SCRATCH POUR SONY Z2;; 8 700    ;;;;;;;;;;;;;;;;;;;;;;;;;;;;;;;;;;;;;;;;;;;;;;;;;;;
345;1;FILM DE PROTECTION ANTI SHOCK/SCRATCH POUR SONY XPERIA Z3 ;; 8 230    ;;;;;;;;;;;;;;;;;;;;;;;;;;;;;;;;;;;;;;;;;;;;;;;;;;;
346;1;FILM DE PROTECTION ANTI SHOCK/SCRATCH POUR SONY XPERIA Z3 +;; 8 230    ;;;;;;;;;;;;;;;;;;;;;;;;;;;;;;;;;;;;;;;;;;;;;;;;;;;
347;1;FILM DE PROTECTION ANTI SHOCK/SCRATCH POUR SONY XPERIA Z3 COMPACT;; 8 230    ;;;;;;;;;;;;;;;;;;;;;;;;;;;;;;;;;;;;;;;;;;;;;;;;;;;
348;1;FILM DE PROTECTION ANTI SHOCK/SCRATCH POUR SONY XPERIA Z5 COMPACT;; 8 230    ;;;;;;;;;;;;;;;;;;;;;;;;;;;;;;;;;;;;;;;;;;;;;;;;;;;
349;1;FILM DE PROTECTION ANTI SHOCK/SCRATCH POUR SONY XPERIA Z5 PREMIUM;; 8 230    ;;;;;;;;;;;;;;;;;;;;;;;;;;;;;;;;;;;;;;;;;;;;;;;;;;;
350;1;FILM DE PROTECTION POUR ASUS EEPAD TRANSFORMER;; 8 500    ;;;;;;;;;;;;;;;;;;;;;;;;;;;;;;;;;;;;;;;;;;;;;;;;;;;
351;1;FILM DE PROTECTION POUR IPAD MINI;; 11 800    ;;;;;;;;;;;;;;;;;;;;;;;;;;;;;;;;;;;;;;;;;;;;;;;;;;;
352;1;"FILM DE PROTECTION POUR SAMSUNG GALAXY TAB 7.0"" MOD.P1000";; 2 900    ;;;;;;;;;;;;;;;;;;;;;;;;;;;;;;;;;;;;;;;;;;;;;;;;;;;
353;1;"FILM DE PROTECTION POUR SAMSUNG GALAXY TAB2 7.0"" MOD.P3100";; 3 000    ;;;;;;;;;;;;;;;;;;;;;;;;;;;;;;;;;;;;;;;;;;;;;;;;;;;
354;1;"FILM DE PROTECTION POUR SAMSUNG GALAXY TAB 7.0"" MOD.P6200";; 6 000    ;;;;;;;;;;;;;;;;;;;;;;;;;;;;;;;;;;;;;;;;;;;;;;;;;;;
355;1;"FILM DE PROTECTION POUR SAMSUNG GALAXY TAB3 7.0"" MOD.T211";; 5 200    ;;;;;;;;;;;;;;;;;;;;;;;;;;;;;;;;;;;;;;;;;;;;;;;;;;;
356;1;"FILM DE PROTECTION POUR SAMSUNG GALAXY TAB 10.1"" MOD.P5100";; 5 200    ;;;;;;;;;;;;;;;;;;;;;;;;;;;;;;;;;;;;;;;;;;;;;;;;;;;
357;1;"FILM DE PROTECTION POUR SAMSUNG GALAXY TAB2 10.1"" MOD.P7500";; 6 000    ;;;;;;;;;;;;;;;;;;;;;;;;;;;;;;;;;;;;;;;;;;;;;;;;;;;
358;1;"FILM DE PROTECTION POUR SAMSUNG GALAXY TAB3 10.1"" MOD.P5200";; 6 000    ;;;;;;;;;;;;;;;;;;;;;;;;;;;;;;;;;;;;;;;;;;;;;;;;;;;
359;1;HOUSSE POUR HUAWEI MEDIA PAD S8-701U BEIGE;; 27 440    ;;;;;;;;;;;;;;;;;;;;;;;;;;;;;;;;;;;;;;;;;;;;;;;;;;;
360;1;HOUSSE POUR HUAWEI MEDIA PAD T1 S7 701U NOIR;; 27 440    ;;;;;;;;;;;;;;;;;;;;;;;;;;;;;;;;;;;;;;;;;;;;;;;;;;;
361;1;HOUSSE POUR IPAD/IPAD2 MOD.SIMILI;; 15 250    ;;;;;;;;;;;;;;;;;;;;;;;;;;;;;;;;;;;;;;;;;;;;;;;;;;;
362;1;HOUSSE POUR IPAD AIR MOD.SIMILI;; 25 680    ;;;;;;;;;;;;;;;;;;;;;;;;;;;;;;;;;;;;;;;;;;;;;;;;;;;
363;1;HOUSSE POUR IPHONE 5 A CLAPET (OUV. PAR LE HAUT);; 14 400    ;;;;;;;;;;;;;;;;;;;;;;;;;;;;;;;;;;;;;;;;;;;;;;;;;;;
364;1;HOUSSE POUR IPHONE 5 A CLAPET AVEC AFFICH NUMERO... SANS OUVRIR TEL.;; 11 400    ;;;;;;;;;;;;;;;;;;;;;;;;;;;;;;;;;;;;;;;;;;;;;;;;;;;
365;1;HOUSSE POUR SAMSUNG GALAXY S2 A CLAPET (OUV. PAR LE HAUT);; 12 800    ;;;;;;;;;;;;;;;;;;;;;;;;;;;;;;;;;;;;;;;;;;;;;;;;;;;
366;1;HOUSSE POUR SAMSUNG GALAXY S3 A CLAPET (OUV. PAR LE HAUT);; 14 000    ;;;;;;;;;;;;;;;;;;;;;;;;;;;;;;;;;;;;;;;;;;;;;;;;;;;
367;1;HOUSSE POUR SAMSUNG GALAXY S4 A CLAPET (OUV. PAR LE HAUT);; 12 100    ;;;;;;;;;;;;;;;;;;;;;;;;;;;;;;;;;;;;;;;;;;;;;;;;;;;
368;1;HOUSSE POUR SAMSUNG GALAXY S4MINI A CLAPET (OUV. PAR LE HAUT);; 12 200    ;;;;;;;;;;;;;;;;;;;;;;;;;;;;;;;;;;;;;;;;;;;;;;;;;;;
369;1;"HOUSSE POUR SAMSUNG GALAXY TAB 7.0"" MOD.P1000";; 21 000    ;;;;;;;;;;;;;;;;;;;;;;;;;;;;;;;;;;;;;;;;;;;;;;;;;;;
370;1;"HOUSSE UNIVERSELLE POUR TABLETTE 10""";; 27 430    ;;;;;;;;;;;;;;;;;;;;;;;;;;;;;;;;;;;;;;;;;;;;;;;;;;;
371;1;"HOUSSE UNIVERSELLE POUR TABLETTE 7""";; 21 340    ;;;;;;;;;;;;;;;;;;;;;;;;;;;;;;;;;;;;;;;;;;;;;;;;;;;
372;1;"HOUSSE UNIVERSELLE POUR TABLETTE 9""";; 24 380    ;;;;;;;;;;;;;;;;;;;;;;;;;;;;;;;;;;;;;;;;;;;;;;;;;;;
373;1;KIT DE CONNECTION OTG LDNIO MOD.DL-P303 POUR IPAD AVEC SLOT MICRO SD/SD/USB…;; 15 120    ;;;;;;;;;;;;;;;;;;;;;;;;;;;;;;;;;;;;;;;;;;;;;;;;;;;
374;1;MANETTE DE JEUX FILAIRE POUR CONSOLE MICROSOFT XBOX;; 62 970    ;;;;;;;;;;;;;;;;;;;;;;;;;;;;;;;;;;;;;;;;;;;;;;;;;;;
375;1;MANETTE DE JEUX FILAIRE POUR CONSOLE SONY PLAYSTATION 2;; 13 620    ;;;;;;;;;;;;;;;;;;;;;;;;;;;;;;;;;;;;;;;;;;;;;;;;;;;
376;1;MANETTE DE JEUX FILAIRE POUR CONSOLE SONY PLAYSTATION 3;; 59 180    ;;;;;;;;;;;;;;;;;;;;;;;;;;;;;;;;;;;;;;;;;;;;;;;;;;;
377;1;MANETTE DE JEUX FILAIRE POUR CONSOLE SONY PLAYSTATION 4;; 208 000    ;;;;;;;;;;;;;;;;;;;;;;;;;;;;;;;;;;;;;;;;;;;;;;;;;;;
378;1;MANETTE DE JEUX SANS FIL POUR CONSOLE NINTENDO XBOX;; 139 920    ;;;;;;;;;;;;;;;;;;;;;;;;;;;;;;;;;;;;;;;;;;;;;;;;;;;
379;1;PERCHE SELFIE PM AVEC FIL ;; 11 860    ;;;;;;;;;;;;;;;;;;;;;;;;;;;;;;;;;;;;;;;;;;;;;;;;;;;
380;1;PERCHE SELFIE KJSTAR AVEC FIL ET TELEC. BLUETOOTH MOD.Z06-4 ;; 22 900    ;;;;;;;;;;;;;;;;;;;;;;;;;;;;;;;;;;;;;;;;;;;;;;;;;;;
381;1;PERCHE SELFIE MOD.YT-1188 MAX.125CM NEW POUR APPAREIL PHOTOS/CAMERA HAUTEUR REG.PERCHE SELFIE MOD.YT-1188 MAX.125CM NEW POUR APPAREIL PHOTOS/CAMERA HAUTEUR REG.;; 24 320    ;;;;;;;;;;;;;;;;;;;;;;;;;;;;;;;;;;;;;;;;;;;;;;;;;;;
382;1;PERCHE SELFIE MOD.YT-1288 MAX.125CM AVEC BLUETOOTH NEW POUR APPAREIL PHOTOS/CAMERA HAUTEUR REG. PERCHE SELFIE MOD.YT-1288 MAX.125CM AVEC BLUETOOTH NEW POUR APPAREIL PHOTOS/CAMERA HAUTEUR REG. ;; 35 050    ;;;;;;;;;;;;;;;;;;;;;;;;;;;;;;;;;;;;;;;;;;;;;;;;;;;
383;1;POCHETTE POUR CONSOLE NINTENDO DS LITE;; 11 030    ;;;;;;;;;;;;;;;;;;;;;;;;;;;;;;;;;;;;;;;;;;;;;;;;;;;
384;1;POCHETTE POUR CONSOLE NINTENDO DSI;; 11 030    ;;;;;;;;;;;;;;;;;;;;;;;;;;;;;;;;;;;;;;;;;;;;;;;;;;;
385;1;POWER BANK INTEX 2.000MAH MOD.PB20 ;; 30 140    ;;;;;;;;;;;;;;;;;;;;;;;;;;;;;;;;;;;;;;;;;;;;;;;;;;;
386;1;POWER BANK INTEX 4.000MAH MOD.PB07 (INDICATEUR % BATT/TORCHE/5CONNECTEURS……);; 42 140    ;;;;;;;;;;;;;;;;;;;;;;;;;;;;;;;;;;;;;;;;;;;;;;;;;;;
387;1;POWER BANK REMAX 5000MAH MOD.CAPSULE RPL-22 NEWPOWER BANK REMAX 5000MAH MOD.CAPSULE RPL-22 NEW;; 47 550    ;;;;;;;;;;;;;;;;;;;;;;;;;;;;;;;;;;;;;;;;;;;;;;;;;;;
388;1;POWER BANK INTEX 10.00MAH MOD.PB10K GLOSSY (2*USB/DOUBLE RECH. SIMULTANE..) ;; 60 640    ;;;;;;;;;;;;;;;;;;;;;;;;;;;;;;;;;;;;;;;;;;;;;;;;;;;
389;1;POWER BANK REMAX 10000MAH MOD.MIRROR RPP-36 NEWPOWER BANK REMAX 10000MAH MOD.MIRROR RPP-36 NEW;; 75 580    ;;;;;;;;;;;;;;;;;;;;;;;;;;;;;;;;;;;;;;;;;;;;;;;;;;;
390;1;POWER BANK REMAX 10000MAH MOD.PERFUME RPP-27 NEWPOWER BANK REMAX 10000MAH MOD.PERFUME RPP-27 NEW;; 80 460    ;;;;;;;;;;;;;;;;;;;;;;;;;;;;;;;;;;;;;;;;;;;;;;;;;;;
391;1;POWER BANK PISEN AVEC AFFICHAGE LED 10.000MAH MOD.TS-D187;; 82 180    ;;;;;;;;;;;;;;;;;;;;;;;;;;;;;;;;;;;;;;;;;;;;;;;;;;;
392;1;POWER BANK SOLAIRE 5000MAH;; 25 800    ;;;;;;;;;;;;;;;;;;;;;;;;;;;;;;;;;;;;;;;;;;;;;;;;;;;
393;1;PROTECTION COTE... POUR IPHONE 4;; 14 000    ;;;;;;;;;;;;;;;;;;;;;;;;;;;;;;;;;;;;;;;;;;;;;;;;;;;
394;1;SELFIE LENS iE70p POUR ACCROCHER AU TELEPH/TABLET MOD.LENS-02 (SUPER WIDE 0,4X…) ;; 14 080    ;;;;;;;;;;;;;;;;;;;;;;;;;;;;;;;;;;;;;;;;;;;;;;;;;;;
395;1;STYLET POUR CONSOLE NINTENDO DS LITE (4PCES);; 3 900    ;;;;;;;;;;;;;;;;;;;;;;;;;;;;;;;;;;;;;;;;;;;;;;;;;;;
396;1;STYLET POUR CONSOLE NINTENDO DS I (4PCES);; 3 900    ;;;;;;;;;;;;;;;;;;;;;;;;;;;;;;;;;;;;;;;;;;;;;;;;;;;
397;1;STYLET POUR CONSOLE NINTENDO DS 3D;; 3 900    ;;;;;;;;;;;;;;;;;;;;;;;;;;;;;;;;;;;;;;;;;;;;;;;;;;;
398;1;STYLOS TOUCH PEN ALLU iE70P AVEC FONCTION STYLET POUR TELEPH. ET TABLET ;; 8 100    ;;;;;;;;;;;;;;;;;;;;;;;;;;;;;;;;;;;;;;;;;;;;;;;;;;;
399;1;SUPPORT IPEGA POUR JOUER SUR IPHONE4;; 17 200    ;;;;;;;;;;;;;;;;;;;;;;;;;;;;;;;;;;;;;;;;;;;;;;;;;;;
400;1;SUPPORT VOITURE IPEGA POUR IPAD A ACCROCHER SUR CHAISE ARRIERE (360° ROTATION…);; 26 500    ;;;;;;;;;;;;;;;;;;;;;;;;;;;;;;;;;;;;;;;;;;;;;;;;;;;
401;1;TELECOMMANDE POUR IPHONE 3/4/4S;; 5 000    ;;;;;;;;;;;;;;;;;;;;;;;;;;;;;;;;;;;;;;;;;;;;;;;;;;;
402;1;TELECOMMANDE POUR IPHONE SANS FIL 3/4/4S;; 10 860    ;;;;;;;;;;;;;;;;;;;;;;;;;;;;;;;;;;;;;;;;;;;;;;;;;;;
403;1;TOUCHE DE COMMANDE POUR JOUER AUX JEUX SUR IPHONE…;; 4 995    ;;;;;;;;;;;;;;;;;;;;;;;;;;;;;;;;;;;;;;;;;;;;;;;;;;;
404;1;TRANSMETTEUR FM POUR IPHONE 3/4/4S AVEC TELECOMMANDE...;; 6 470    ;;;;;;;;;;;;;;;;;;;;;;;;;;;;;;;;;;;;;;;;;;;;;;;;;;;
